Track_ID,Point_ID,Predicted_Label,True_Label
3109,1,4,4
3109,2,3,4
3109,3,3,4
3109,4,4,4
3109,5,4,4
3109,6,4,4
3109,7,4,4
3109,8,4,4
3109,9,4,4
3109,10,4,4
3109,11,4,4
3109,12,4,4
3109,13,4,4
3109,14,4,4
3109,15,4,4
3109,16,4,4
3109,17,6,4
3109,18,6,4
end,end,end,end
2609,1,4,6
2609,2,3,6
2609,3,3,6
2609,4,3,6
2609,5,3,6
2609,6,3,6
2609,7,3,6
2609,8,3,6
2609,9,3,6
2609,10,3,6
2609,11,3,6
2609,12,3,6
2609,13,3,6
end,end,end,end
4248,1,3,1
4248,2,3,1
4248,3,3,1
4248,4,3,1
4248,5,3,1
4248,6,3,1
4248,7,3,1
4248,8,3,1
4248,9,3,1
4248,10,3,1
4248,11,3,1
4248,12,3,1
4248,13,1,1
4248,14,1,1
4248,15,1,1
end,end,end,end
2710,1,3,6
2710,2,3,6
2710,3,3,6
2710,4,3,6
2710,5,3,6
2710,6,3,6
2710,7,3,6
2710,8,3,6
2710,9,3,6
2710,10,3,6
2710,11,3,6
2710,12,3,6
2710,13,3,6
2710,14,3,6
2710,15,3,6
end,end,end,end
2418,1,2,2
2418,2,2,2
2418,3,2,2
2418,4,2,2
2418,5,2,2
2418,6,2,2
2418,7,2,2
2418,8,2,2
2418,9,2,2
2418,10,2,2
2418,11,2,2
2418,12,2,2
2418,13,2,2
2418,14,2,2
2418,15,2,2
2418,16,2,2
2418,17,2,2
2418,18,2,2
2418,19,2,2
2418,20,2,2
2418,21,2,2
end,end,end,end
361,1,3,3
361,2,3,3
361,3,3,3
361,4,3,3
361,5,3,3
361,6,3,3
361,7,3,3
361,8,3,3
361,9,3,3
361,10,3,3
361,11,3,3
361,12,3,3
361,13,3,3
361,14,3,3
361,15,3,3
end,end,end,end
3351,1,2,2
3351,2,2,2
3351,3,2,2
3351,4,2,2
3351,5,2,2
3351,6,2,2
3351,7,2,2
3351,8,2,2
3351,9,2,2
3351,10,2,2
3351,11,2,2
3351,12,2,2
3351,13,2,2
3351,14,2,2
3351,15,2,2
3351,16,2,2
3351,17,2,2
3351,18,2,2
3351,19,2,2
3351,20,2,2
3351,21,2,2
3351,22,2,2
3351,23,2,2
end,end,end,end
222,1,1,1
222,2,1,1
222,3,1,1
222,4,1,1
222,5,1,1
222,6,1,1
222,7,1,1
222,8,1,1
222,9,1,1
222,10,1,1
222,11,1,1
222,12,1,1
222,13,1,1
222,14,1,1
222,15,1,1
222,16,1,1
222,17,1,1
222,18,1,1
222,19,1,1
222,20,1,1
222,21,1,1
222,22,1,1
222,23,1,1
222,24,1,1
222,25,1,1
end,end,end,end
733,1,3,3
733,2,3,3
733,3,3,3
733,4,3,3
733,5,3,3
733,6,3,3
733,7,3,3
733,8,3,3
733,9,3,3
733,10,3,3
733,11,3,3
733,12,3,3
733,13,3,3
733,14,3,3
733,15,3,3
733,16,3,3
733,17,3,3
733,18,3,3
733,19,3,3
733,20,3,3
733,21,3,3
733,22,3,3
end,end,end,end
3900,1,4,4
3900,2,4,4
3900,3,4,4
3900,4,4,4
3900,5,4,4
3900,6,4,4
3900,7,4,4
3900,8,4,4
3900,9,4,4
3900,10,4,4
3900,11,4,4
3900,12,4,4
3900,13,4,4
3900,14,4,4
3900,15,4,4
3900,16,4,4
3900,17,4,4
3900,18,4,4
3900,19,4,4
3900,20,4,4
3900,21,4,4
3900,22,4,4
end,end,end,end
3867,1,4,4
3867,2,4,4
3867,3,4,4
3867,4,4,4
3867,5,4,4
3867,6,4,4
3867,7,4,4
3867,8,4,4
3867,9,4,4
3867,10,4,4
3867,11,4,4
3867,12,4,4
3867,13,4,4
3867,14,4,4
3867,15,4,4
end,end,end,end
2684,1,3,3
2684,2,3,3
2684,3,3,3
2684,4,3,3
2684,5,3,3
2684,6,3,3
2684,7,3,3
2684,8,3,3
2684,9,3,3
2684,10,3,3
2684,11,3,3
2684,12,3,3
2684,13,3,3
2684,14,3,3
2684,15,3,3
2684,16,3,3
2684,17,3,3
2684,18,3,3
2684,19,3,3
2684,20,3,3
2684,21,3,3
2684,22,3,3
2684,23,3,3
2684,24,3,3
2684,25,3,3
end,end,end,end
4203,1,3,1
4203,2,3,1
4203,3,1,1
4203,4,1,1
4203,5,1,1
4203,6,1,1
4203,7,1,1
4203,8,1,1
4203,9,1,1
4203,10,1,1
4203,11,1,1
4203,12,1,1
4203,13,1,1
4203,14,1,1
4203,15,1,1
4203,16,1,1
4203,17,1,1
4203,18,1,1
4203,19,1,1
4203,20,1,1
4203,21,1,1
4203,22,1,1
end,end,end,end
573,1,4,3
573,2,4,3
573,3,4,3
573,4,4,3
573,5,4,3
573,6,4,3
573,7,3,3
573,8,3,3
573,9,3,3
573,10,3,3
573,11,3,3
573,12,3,3
573,13,3,3
573,14,3,3
573,15,3,3
end,end,end,end
231,1,1,1
231,2,1,1
231,3,1,1
231,4,1,1
231,5,1,1
231,6,1,1
231,7,1,1
231,8,1,1
231,9,1,1
231,10,1,1
231,11,1,1
231,12,1,1
231,13,1,1
231,14,1,1
231,15,1,1
231,16,1,1
231,17,1,1
231,18,1,1
231,19,1,1
end,end,end,end
809,1,3,3
809,2,3,3
809,3,3,3
809,4,3,3
809,5,3,3
809,6,3,3
809,7,3,3
809,8,3,3
809,9,3,3
809,10,3,3
809,11,3,3
809,12,3,3
809,13,3,3
809,14,3,3
809,15,3,3
809,16,3,3
809,17,3,3
809,18,3,3
809,19,3,3
809,20,3,3
809,21,3,3
809,22,3,3
end,end,end,end
3858,1,4,4
3858,2,4,4
3858,3,4,4
3858,4,4,4
3858,5,4,4
3858,6,4,4
3858,7,4,4
3858,8,4,4
3858,9,4,4
3858,10,4,4
3858,11,4,4
3858,12,4,4
3858,13,4,4
3858,14,4,4
3858,15,4,4
3858,16,4,4
3858,17,4,4
3858,18,4,4
3858,19,4,4
3858,20,4,4
3858,21,4,4
3858,22,4,4
3858,23,4,4
3858,24,4,4
3858,25,4,4
end,end,end,end
3545,1,2,2
3545,2,2,2
3545,3,2,2
3545,4,2,2
3545,5,2,2
3545,6,2,2
3545,7,2,2
3545,8,2,2
3545,9,2,2
3545,10,2,2
3545,11,2,2
3545,12,2,2
3545,13,2,2
3545,14,2,2
3545,15,2,2
3545,16,2,2
3545,17,2,2
3545,18,2,2
3545,19,2,2
3545,20,2,2
3545,21,2,2
3545,22,2,2
3545,23,2,2
3545,24,2,2
3545,25,2,2
end,end,end,end
1321,1,2,2
1321,2,2,2
1321,3,2,2
1321,4,2,2
1321,5,2,2
1321,6,2,2
1321,7,2,2
1321,8,2,2
1321,9,2,2
1321,10,2,2
1321,11,2,2
1321,12,2,2
1321,13,2,2
1321,14,2,2
1321,15,2,2
1321,16,2,2
1321,17,2,2
end,end,end,end
1835,1,2,2
1835,2,2,2
1835,3,2,2
1835,4,2,2
1835,5,2,2
1835,6,2,2
1835,7,2,2
1835,8,2,2
1835,9,2,2
1835,10,2,2
1835,11,2,2
1835,12,2,2
1835,13,2,2
1835,14,2,2
1835,15,2,2
end,end,end,end
672,1,3,3
672,2,3,3
672,3,3,3
672,4,3,3
672,5,3,3
672,6,3,3
672,7,3,3
672,8,3,3
672,9,3,3
672,10,3,3
672,11,3,3
672,12,3,3
672,13,3,3
672,14,3,3
672,15,3,3
672,16,3,3
672,17,3,3
672,18,3,3
672,19,3,3
672,20,3,3
672,21,3,3
end,end,end,end
1804,1,2,2
1804,2,2,2
1804,3,2,2
1804,4,2,2
1804,5,2,2
1804,6,2,2
1804,7,2,2
1804,8,2,2
1804,9,2,2
1804,10,2,2
1804,11,2,2
1804,12,2,2
1804,13,2,2
1804,14,2,2
1804,15,2,2
1804,16,2,2
1804,17,2,2
end,end,end,end
2709,1,2,6
2709,2,2,6
2709,3,2,6
2709,4,2,6
2709,5,3,6
2709,6,3,6
2709,7,3,6
2709,8,3,6
2709,9,3,6
2709,10,3,6
2709,11,3,6
2709,12,3,6
2709,13,3,6
2709,14,3,6
2709,15,3,6
2709,16,3,6
2709,17,3,6
2709,18,3,6
end,end,end,end
3008,1,4,4
3008,2,4,4
3008,3,4,4
3008,4,4,4
3008,5,4,4
3008,6,4,4
3008,7,4,4
3008,8,4,4
3008,9,4,4
3008,10,4,4
3008,11,4,4
3008,12,4,4
3008,13,4,4
3008,14,4,4
3008,15,4,4
end,end,end,end
2882,1,2,6
2882,2,2,6
2882,3,2,6
2882,4,1,6
2882,5,1,6
2882,6,1,6
2882,7,1,6
2882,8,1,6
2882,9,1,6
2882,10,1,6
2882,11,1,6
2882,12,1,6
2882,13,1,6
2882,14,1,6
2882,15,1,6
2882,16,1,6
2882,17,1,6
2882,18,1,6
2882,19,1,6
2882,20,1,6
end,end,end,end
395,1,3,3
395,2,3,3
395,3,3,3
395,4,3,3
395,5,3,3
395,6,3,3
395,7,3,3
395,8,3,3
395,9,3,3
395,10,3,3
395,11,3,3
395,12,3,3
395,13,3,3
395,14,3,3
395,15,3,3
395,16,3,3
395,17,3,3
395,18,3,3
395,19,3,3
395,20,3,3
395,21,3,3
395,22,3,3
395,23,3,3
395,24,3,3
395,25,3,3
end,end,end,end
2819,1,4,3
2819,2,3,3
2819,3,3,3
2819,4,3,3
2819,5,3,3
2819,6,3,3
2819,7,3,3
2819,8,3,3
2819,9,3,3
2819,10,3,3
2819,11,3,3
2819,12,3,3
2819,13,3,3
2819,14,3,3
2819,15,3,3
end,end,end,end
3319,1,2,2
3319,2,2,2
3319,3,2,2
3319,4,2,2
3319,5,2,2
3319,6,2,2
3319,7,2,2
3319,8,2,2
3319,9,2,2
3319,10,2,2
3319,11,2,2
3319,12,2,2
3319,13,2,2
3319,14,2,2
3319,15,2,2
end,end,end,end
223,1,1,1
223,2,1,1
223,3,1,1
223,4,1,1
223,5,1,1
223,6,1,1
223,7,1,1
223,8,1,1
223,9,1,1
223,10,1,1
223,11,1,1
223,12,1,1
223,13,1,1
223,14,1,1
223,15,1,1
223,16,1,1
223,17,1,1
223,18,1,1
223,19,1,1
223,20,1,1
223,21,1,1
223,22,1,1
223,23,1,1
223,24,1,1
223,25,1,1
223,26,1,1
223,27,1,1
end,end,end,end
4212,1,4,1
4212,2,4,1
4212,3,2,1
4212,4,2,1
4212,5,1,1
4212,6,1,1
4212,7,1,1
4212,8,1,1
4212,9,1,1
4212,10,1,1
4212,11,1,1
4212,12,1,1
4212,13,1,1
4212,14,1,1
4212,15,1,1
4212,16,1,1
4212,17,1,1
end,end,end,end
1631,1,3,6
1631,2,3,6
1631,3,3,6
1631,4,3,6
1631,5,3,6
1631,6,3,6
1631,7,3,6
1631,8,3,6
1631,9,3,6
1631,10,3,6
1631,11,3,6
1631,12,3,6
1631,13,3,6
1631,14,3,6
1631,15,3,6
1631,16,3,6
1631,17,3,6
1631,18,3,6
1631,19,3,6
1631,20,3,6
1631,21,3,6
1631,22,3,6
1631,23,3,6
end,end,end,end
106,1,1,1
106,2,1,1
106,3,1,1
106,4,1,1
106,5,1,1
106,6,1,1
106,7,1,1
106,8,1,1
106,9,1,1
106,10,1,1
106,11,1,1
106,12,1,1
106,13,1,1
106,14,1,1
106,15,1,1
end,end,end,end
1874,1,2,2
1874,2,2,2
1874,3,2,2
1874,4,2,2
1874,5,2,2
1874,6,2,2
1874,7,2,2
1874,8,2,2
1874,9,2,2
1874,10,2,2
1874,11,2,2
1874,12,2,2
1874,13,2,2
1874,14,2,2
1874,15,2,2
1874,16,2,2
1874,17,2,2
1874,18,2,2
1874,19,2,2
1874,20,2,2
1874,21,2,2
1874,22,2,2
1874,23,2,2
1874,24,2,2
end,end,end,end
3509,1,2,2
3509,2,2,2
3509,3,2,2
3509,4,2,2
3509,5,2,2
3509,6,2,2
3509,7,2,2
3509,8,2,2
3509,9,2,2
3509,10,2,2
3509,11,2,2
3509,12,2,2
3509,13,2,2
3509,14,2,2
3509,15,2,2
3509,16,2,2
3509,17,2,2
3509,18,2,2
3509,19,2,2
3509,20,2,2
3509,21,2,2
3509,22,2,2
3509,23,2,2
3509,24,2,2
3509,25,2,2
end,end,end,end
2489,1,2,2
2489,2,2,2
2489,3,2,2
2489,4,2,2
2489,5,2,2
2489,6,2,2
2489,7,2,2
2489,8,2,2
2489,9,2,2
2489,10,2,2
2489,11,2,2
2489,12,2,2
2489,13,2,2
2489,14,2,2
2489,15,2,2
end,end,end,end
3941,1,4,4
3941,2,4,4
3941,3,4,4
3941,4,4,4
3941,5,4,4
3941,6,4,4
3941,7,4,4
3941,8,4,4
3941,9,4,4
3941,10,4,4
3941,11,4,4
3941,12,4,4
3941,13,4,4
3941,14,4,4
3941,15,4,4
3941,16,4,4
end,end,end,end
784,1,3,3
784,2,3,3
784,3,3,3
784,4,3,3
784,5,3,3
784,6,3,3
784,7,3,3
784,8,3,3
784,9,3,3
784,10,3,3
784,11,3,3
784,12,3,3
784,13,3,3
784,14,3,3
784,15,3,3
784,16,3,3
784,17,3,3
784,18,3,3
784,19,3,3
784,20,3,3
784,21,3,3
784,22,3,3
784,23,3,3
784,24,3,3
784,25,3,3
end,end,end,end
2871,1,3,4
2871,2,3,4
2871,3,3,4
2871,4,4,4
2871,5,4,4
2871,6,4,4
2871,7,4,4
2871,8,4,4
2871,9,4,4
2871,10,4,4
2871,11,4,4
2871,12,4,4
2871,13,4,4
2871,14,4,4
2871,15,4,4
2871,16,4,4
2871,17,4,4
2871,18,4,4
2871,19,4,4
2871,20,4,4
2871,21,4,4
2871,22,4,4
2871,23,4,4
end,end,end,end
3435,1,2,2
3435,2,2,2
3435,3,2,2
3435,4,2,2
3435,5,2,2
3435,6,2,2
3435,7,2,2
3435,8,2,2
3435,9,2,2
3435,10,2,2
3435,11,2,2
3435,12,2,2
3435,13,2,2
3435,14,2,2
3435,15,2,2
3435,16,2,2
3435,17,2,2
3435,18,2,2
3435,19,2,2
3435,20,2,2
3435,21,2,2
3435,22,2,2
3435,23,2,2
3435,24,2,2
3435,25,2,2
end,end,end,end
552,1,3,3
552,2,3,3
552,3,3,3
552,4,3,3
552,5,3,3
552,6,3,3
552,7,3,3
552,8,3,3
552,9,3,3
552,10,3,3
552,11,3,3
552,12,3,3
552,13,3,3
552,14,3,3
552,15,3,3
552,16,3,3
end,end,end,end
1846,1,2,2
1846,2,2,2
1846,3,2,2
1846,4,2,2
1846,5,2,2
1846,6,2,2
1846,7,2,2
1846,8,2,2
1846,9,2,2
1846,10,2,2
1846,11,2,2
1846,12,2,2
1846,13,2,2
1846,14,2,2
1846,15,2,2
end,end,end,end
4089,1,4,4
4089,2,4,4
4089,3,4,4
4089,4,4,4
4089,5,4,4
4089,6,4,4
4089,7,4,4
4089,8,4,4
4089,9,4,4
4089,10,4,4
4089,11,4,4
4089,12,4,4
4089,13,4,4
4089,14,4,4
4089,15,4,4
4089,16,4,4
4089,17,4,4
4089,18,4,4
4089,19,4,4
4089,20,4,4
4089,21,4,4
4089,22,4,4
4089,23,4,4
end,end,end,end
1687,1,2,2
1687,2,2,2
1687,3,2,2
1687,4,2,2
1687,5,2,2
1687,6,2,2
1687,7,2,2
1687,8,2,2
1687,9,2,2
1687,10,2,2
1687,11,2,2
1687,12,2,2
1687,13,2,2
1687,14,2,2
1687,15,2,2
end,end,end,end
1105,1,2,2
1105,2,2,2
1105,3,2,2
1105,4,2,2
1105,5,2,2
1105,6,2,2
1105,7,2,2
1105,8,2,2
1105,9,2,2
1105,10,2,2
1105,11,2,2
1105,12,2,2
1105,13,2,2
1105,14,2,2
1105,15,2,2
end,end,end,end
4211,1,4,1
4211,2,4,1
4211,3,4,1
4211,4,4,1
4211,5,4,1
4211,6,4,1
4211,7,1,1
4211,8,1,1
4211,9,1,1
4211,10,1,1
4211,11,1,1
4211,12,1,1
4211,13,1,1
4211,14,1,1
4211,15,1,1
end,end,end,end
2308,1,2,2
2308,2,2,2
2308,3,2,2
2308,4,2,2
2308,5,2,2
2308,6,2,2
2308,7,2,2
2308,8,2,2
2308,9,2,2
2308,10,2,2
2308,11,2,2
2308,12,2,2
2308,13,2,2
2308,14,2,2
2308,15,2,2
2308,16,2,2
2308,17,2,2
2308,18,2,2
2308,19,2,2
2308,20,2,2
2308,21,2,2
2308,22,2,2
2308,23,2,2
2308,24,2,2
2308,25,2,2
end,end,end,end
33,1,1,1
33,2,1,1
33,3,1,1
33,4,1,1
33,5,1,1
33,6,1,1
33,7,1,1
33,8,1,1
33,9,1,1
33,10,1,1
33,11,1,1
33,12,1,1
33,13,1,1
33,14,1,1
33,15,1,1
33,16,1,1
33,17,1,1
33,18,1,1
33,19,1,1
33,20,1,1
33,21,1,1
33,22,1,1
33,23,1,1
end,end,end,end
2987,1,4,4
2987,2,4,4
2987,3,4,4
2987,4,4,4
2987,5,4,4
2987,6,4,4
2987,7,4,4
2987,8,4,4
2987,9,4,4
2987,10,4,4
2987,11,4,4
2987,12,4,4
2987,13,4,4
2987,14,4,4
2987,15,4,4
end,end,end,end
2246,1,2,3
2246,2,3,3
2246,3,3,3
2246,4,3,3
2246,5,3,3
2246,6,3,3
2246,7,3,3
2246,8,3,3
2246,9,3,3
2246,10,3,3
2246,11,3,3
2246,12,3,3
end,end,end,end
1137,1,2,2
1137,2,2,2
1137,3,2,2
1137,4,2,2
1137,5,2,2
1137,6,2,2
1137,7,2,2
1137,8,2,2
1137,9,2,2
1137,10,2,2
1137,11,2,2
1137,12,2,2
1137,13,2,2
1137,14,2,2
1137,15,2,2
end,end,end,end
3023,1,4,4
3023,2,4,4
3023,3,4,4
3023,4,4,4
3023,5,4,4
3023,6,4,4
3023,7,4,4
3023,8,4,4
3023,9,4,4
3023,10,4,4
3023,11,4,4
3023,12,4,4
3023,13,4,4
3023,14,4,4
3023,15,4,4
end,end,end,end
3588,1,3,3
3588,2,3,3
3588,3,3,3
3588,4,3,3
3588,5,3,3
3588,6,3,3
3588,7,3,3
3588,8,3,3
3588,9,3,3
3588,10,3,3
3588,11,3,3
3588,12,3,3
3588,13,3,3
3588,14,3,3
3588,15,3,3
3588,16,3,3
3588,17,3,3
end,end,end,end
1379,1,2,2
1379,2,2,2
1379,3,2,2
1379,4,2,2
1379,5,2,2
1379,6,2,2
1379,7,2,2
1379,8,2,2
1379,9,2,2
1379,10,2,2
1379,11,2,2
1379,12,2,2
1379,13,2,2
1379,14,2,2
1379,15,2,2
end,end,end,end
225,1,1,1
225,2,1,1
225,3,1,1
225,4,1,1
225,5,1,1
225,6,1,1
225,7,1,1
225,8,1,1
225,9,1,1
225,10,1,1
225,11,1,1
225,12,1,1
225,13,1,1
225,14,1,1
225,15,1,1
225,16,1,1
225,17,1,1
225,18,1,1
225,19,1,1
225,20,1,1
225,21,1,1
225,22,1,1
225,23,1,1
225,24,1,1
225,25,1,1
end,end,end,end
737,1,3,3
737,2,3,3
737,3,3,3
737,4,3,3
737,5,3,3
737,6,3,3
737,7,3,3
737,8,3,3
737,9,3,3
737,10,3,3
737,11,3,3
737,12,3,3
737,13,3,3
737,14,3,3
737,15,3,3
737,16,3,3
737,17,3,3
end,end,end,end
191,1,1,1
191,2,1,1
191,3,1,1
191,4,1,1
191,5,1,1
191,6,1,1
191,7,1,1
191,8,1,1
191,9,1,1
191,10,1,1
191,11,1,1
191,12,1,1
191,13,1,1
191,14,1,1
191,15,1,1
end,end,end,end
47,1,1,1
47,2,1,1
47,3,1,1
47,4,1,1
47,5,1,1
47,6,1,1
47,7,1,1
47,8,1,1
47,9,1,1
47,10,1,1
47,11,1,1
47,12,1,1
47,13,1,1
47,14,1,1
47,15,1,1
47,16,1,1
47,17,1,1
47,18,1,1
47,19,1,1
47,20,1,1
47,21,1,1
47,22,1,1
47,23,1,1
end,end,end,end
2886,1,4,4
2886,2,4,4
2886,3,4,4
2886,4,4,4
2886,5,4,4
2886,6,4,4
2886,7,4,4
2886,8,4,4
2886,9,4,4
2886,10,4,4
2886,11,4,4
2886,12,4,4
2886,13,4,4
2886,14,4,4
2886,15,4,4
2886,16,4,4
2886,17,4,4
2886,18,4,4
2886,19,4,4
2886,20,4,4
2886,21,4,4
2886,22,4,4
2886,23,4,4
2886,24,4,4
end,end,end,end
2311,1,2,2
2311,2,2,2
2311,3,2,2
2311,4,2,2
2311,5,2,2
2311,6,2,2
2311,7,2,2
2311,8,2,2
2311,9,2,2
2311,10,2,2
2311,11,2,2
2311,12,2,2
2311,13,2,2
2311,14,2,2
2311,15,2,2
2311,16,2,2
2311,17,2,2
2311,18,2,2
2311,19,2,2
2311,20,2,2
2311,21,2,2
2311,22,2,2
2311,23,2,2
2311,24,2,2
2311,25,2,2
end,end,end,end
4074,1,4,4
4074,2,4,4
4074,3,4,4
4074,4,4,4
4074,5,4,4
4074,6,4,4
4074,7,4,4
4074,8,4,4
4074,9,4,4
4074,10,4,4
4074,11,4,4
4074,12,3,4
4074,13,3,4
4074,14,3,4
end,end,end,end
654,1,3,3
654,2,3,3
654,3,3,3
654,4,3,3
654,5,3,3
654,6,3,3
654,7,3,3
654,8,3,3
654,9,3,3
654,10,3,3
654,11,3,3
654,12,3,3
654,13,3,3
654,14,3,3
654,15,3,3
654,16,3,3
654,17,3,3
654,18,3,3
654,19,3,3
654,20,3,3
654,21,3,3
654,22,3,3
654,23,3,3
654,24,3,3
654,25,3,3
end,end,end,end
1494,1,2,1
1494,2,2,1
1494,3,2,1
1494,4,2,1
1494,5,2,1
1494,6,2,1
1494,7,2,1
1494,8,2,1
1494,9,2,1
1494,10,2,1
1494,11,2,1
1494,12,2,1
1494,13,2,1
1494,14,2,1
1494,15,2,1
end,end,end,end
95,1,4,1
95,2,1,1
95,3,1,1
95,4,1,1
95,5,1,1
95,6,1,1
95,7,1,1
95,8,1,1
95,9,1,1
95,10,1,1
95,11,1,1
95,12,1,1
95,13,1,1
95,14,1,1
95,15,1,1
95,16,1,1
95,17,1,1
95,18,1,1
95,19,1,1
95,20,1,1
95,21,1,1
95,22,1,1
95,23,1,1
95,24,1,1
end,end,end,end
887,1,3,3
887,2,3,3
887,3,3,3
887,4,3,3
887,5,3,3
887,6,3,3
887,7,3,3
887,8,3,3
887,9,3,3
887,10,3,3
887,11,3,3
887,12,3,3
887,13,3,3
887,14,3,3
887,15,3,3
887,16,3,3
887,17,3,3
887,18,3,3
end,end,end,end
1880,1,2,2
1880,2,2,2
1880,3,2,2
1880,4,2,2
1880,5,2,2
1880,6,2,2
1880,7,2,2
1880,8,2,2
1880,9,2,2
1880,10,2,2
1880,11,2,2
1880,12,2,2
1880,13,2,2
1880,14,2,2
1880,15,2,2
1880,16,2,2
1880,17,2,2
1880,18,2,2
1880,19,2,2
1880,20,2,2
1880,21,2,2
1880,22,2,2
end,end,end,end
2043,1,2,2
2043,2,2,2
2043,3,2,2
2043,4,2,2
2043,5,2,2
2043,6,2,2
2043,7,2,2
2043,8,2,2
2043,9,2,2
2043,10,2,2
2043,11,2,2
2043,12,2,2
2043,13,2,2
2043,14,2,2
2043,15,2,2
end,end,end,end
2210,1,2,2
2210,2,2,2
2210,3,2,2
2210,4,2,2
2210,5,2,2
2210,6,2,2
2210,7,2,2
2210,8,2,2
2210,9,2,2
2210,10,2,2
2210,11,2,2
2210,12,2,2
2210,13,2,2
2210,14,2,2
2210,15,2,2
2210,16,2,2
2210,17,2,2
2210,18,2,2
2210,19,2,2
2210,20,2,2
2210,21,2,2
2210,22,2,2
2210,23,2,2
2210,24,2,2
2210,25,2,2
end,end,end,end
4077,1,4,4
4077,2,4,4
4077,3,4,4
4077,4,4,4
4077,5,4,4
4077,6,4,4
4077,7,4,4
4077,8,4,4
4077,9,4,4
4077,10,4,4
4077,11,4,4
4077,12,4,4
4077,13,4,4
4077,14,4,4
4077,15,4,4
4077,16,4,4
4077,17,4,4
4077,18,4,4
4077,19,4,4
4077,20,4,4
4077,21,4,4
4077,22,4,4
4077,23,4,4
end,end,end,end
21,1,1,1
21,2,1,1
21,3,1,1
21,4,1,1
21,5,1,1
21,6,1,1
21,7,1,1
21,8,1,1
21,9,1,1
21,10,1,1
21,11,1,1
21,12,1,1
21,13,1,1
21,14,1,1
21,15,1,1
21,16,1,1
end,end,end,end
4237,1,2,1
4237,2,3,1
4237,3,3,1
4237,4,3,1
4237,5,3,1
4237,6,3,1
4237,7,3,1
4237,8,3,1
4237,9,3,1
4237,10,3,1
4237,11,3,1
4237,12,3,1
4237,13,3,1
4237,14,3,1
4237,15,3,1
4237,16,3,1
4237,17,1,1
4237,18,1,1
4237,19,1,1
4237,20,1,1
4237,21,1,1
end,end,end,end
729,1,4,3
729,2,4,3
729,3,2,3
729,4,2,3
729,5,2,3
729,6,2,3
729,7,2,3
729,8,2,3
729,9,2,3
729,10,2,3
729,11,2,3
729,12,2,3
729,13,1,3
729,14,1,3
729,15,1,3
729,16,1,3
729,17,1,3
729,18,1,3
729,19,1,3
729,20,1,3
729,21,1,3
729,22,1,3
end,end,end,end
611,1,2,3
611,2,3,3
611,3,3,3
611,4,3,3
611,5,3,3
611,6,3,3
611,7,3,3
611,8,3,3
611,9,3,3
611,10,3,3
611,11,3,3
611,12,3,3
611,13,5,3
611,14,5,3
611,15,5,3
611,16,5,3
end,end,end,end
699,1,3,3
699,2,3,3
699,3,3,3
699,4,3,3
699,5,3,3
699,6,3,3
699,7,3,3
699,8,3,3
699,9,3,3
699,10,3,3
699,11,3,3
699,12,3,3
699,13,3,3
699,14,3,3
699,15,3,3
699,16,3,3
699,17,3,3
699,18,3,3
699,19,3,3
699,20,3,3
end,end,end,end
3789,1,2,5
3789,2,3,5
3789,3,3,5
3789,4,3,5
3789,5,3,5
3789,6,3,5
3789,7,3,5
3789,8,3,5
3789,9,3,5
3789,10,3,5
3789,11,3,5
3789,12,3,5
3789,13,3,5
3789,14,3,5
3789,15,3,5
3789,16,3,5
3789,17,3,5
3789,18,5,5
3789,19,5,5
3789,20,5,5
3789,21,5,5
end,end,end,end
37,1,1,1
37,2,1,1
37,3,1,1
37,4,1,1
37,5,1,1
37,6,1,1
37,7,1,1
37,8,1,1
37,9,1,1
37,10,1,1
37,11,1,1
37,12,1,1
37,13,1,1
37,14,1,1
37,15,1,1
37,16,1,1
37,17,1,1
37,18,1,1
37,19,1,1
37,20,1,1
end,end,end,end
4066,1,4,4
4066,2,4,4
4066,3,4,4
4066,4,4,4
4066,5,4,4
4066,6,4,4
4066,7,4,4
4066,8,4,4
4066,9,4,4
4066,10,4,4
4066,11,4,4
4066,12,4,4
4066,13,4,4
4066,14,4,4
4066,15,4,4
end,end,end,end
259,1,1,1
259,2,1,1
259,3,1,1
259,4,1,1
259,5,1,1
259,6,1,1
259,7,1,1
259,8,1,1
259,9,1,1
259,10,1,1
259,11,1,1
259,12,1,1
259,13,1,1
259,14,1,1
259,15,1,1
259,16,1,1
259,17,1,1
259,18,1,1
259,19,1,1
259,20,1,1
end,end,end,end
3599,1,2,5
3599,2,2,5
3599,3,2,5
3599,4,2,5
3599,5,2,5
3599,6,2,5
3599,7,2,5
3599,8,2,5
3599,9,2,5
3599,10,2,5
3599,11,2,5
3599,12,5,5
3599,13,5,5
3599,14,5,5
3599,15,5,5
3599,16,5,5
3599,17,5,5
3599,18,5,5
3599,19,5,5
3599,20,5,5
3599,21,5,5
3599,22,5,5
end,end,end,end
399,1,3,3
399,2,3,3
399,3,3,3
399,4,3,3
399,5,3,3
399,6,3,3
399,7,3,3
399,8,3,3
399,9,3,3
399,10,3,3
399,11,3,3
399,12,3,3
399,13,3,3
399,14,3,3
399,15,3,3
399,16,3,3
399,17,3,3
399,18,3,3
399,19,3,3
399,20,3,3
399,21,3,3
399,22,3,3
399,23,3,3
399,24,3,3
399,25,3,3
end,end,end,end
3942,1,4,4
3942,2,4,4
3942,3,4,4
3942,4,4,4
3942,5,4,4
3942,6,4,4
3942,7,4,4
3942,8,4,4
3942,9,4,4
3942,10,4,4
3942,11,4,4
3942,12,4,4
3942,13,4,4
3942,14,4,4
3942,15,4,4
end,end,end,end
2226,1,2,2
2226,2,2,2
2226,3,2,2
2226,4,2,2
2226,5,2,2
2226,6,2,2
2226,7,2,2
2226,8,2,2
2226,9,2,2
2226,10,2,2
2226,11,2,2
2226,12,2,2
2226,13,2,2
2226,14,2,2
2226,15,2,2
2226,16,2,2
2226,17,2,2
2226,18,2,2
2226,19,2,2
2226,20,2,2
2226,21,2,2
2226,22,2,2
2226,23,2,2
2226,24,2,2
2226,25,2,2
end,end,end,end
147,1,4,1
147,2,1,1
147,3,1,1
147,4,1,1
147,5,1,1
147,6,1,1
147,7,1,1
147,8,1,1
147,9,1,1
147,10,1,1
147,11,1,1
147,12,1,1
147,13,1,1
147,14,1,1
147,15,1,1
147,16,1,1
147,17,1,1
147,18,1,1
147,19,1,1
147,20,1,1
147,21,1,1
147,22,1,1
147,23,1,1
end,end,end,end
2252,1,2,2
2252,2,2,2
2252,3,2,2
2252,4,2,2
2252,5,2,2
2252,6,2,2
2252,7,2,2
2252,8,2,2
2252,9,2,2
2252,10,2,2
2252,11,2,2
2252,12,2,2
end,end,end,end
3105,1,4,4
3105,2,4,4
3105,3,4,4
3105,4,4,4
3105,5,4,4
3105,6,4,4
3105,7,4,4
3105,8,4,4
3105,9,4,4
3105,10,4,4
3105,11,4,4
3105,12,4,4
3105,13,4,4
3105,14,4,4
3105,15,4,4
3105,16,4,4
3105,17,4,4
3105,18,4,4
3105,19,4,4
3105,20,4,4
3105,21,4,4
3105,22,4,4
3105,23,4,4
3105,24,4,4
3105,25,4,4
end,end,end,end
2993,1,4,4
2993,2,4,4
2993,3,4,4
2993,4,4,4
2993,5,4,4
2993,6,4,4
2993,7,4,4
2993,8,4,4
2993,9,4,4
2993,10,4,4
2993,11,4,4
2993,12,4,4
2993,13,4,4
2993,14,4,4
2993,15,4,4
2993,16,4,4
2993,17,4,4
2993,18,4,4
2993,19,4,4
2993,20,4,4
2993,21,4,4
2993,22,4,4
2993,23,4,4
2993,24,4,4
2993,25,4,4
end,end,end,end
10,1,1,1
10,2,1,1
10,3,1,1
10,4,1,1
10,5,1,1
10,6,1,1
10,7,1,1
10,8,1,1
10,9,1,1
10,10,1,1
10,11,1,1
10,12,1,1
10,13,1,1
10,14,1,1
10,15,1,1
10,16,1,1
10,17,1,1
10,18,1,1
10,19,1,1
10,20,1,1
end,end,end,end
1953,1,4,5
1953,2,4,5
1953,3,4,5
1953,4,3,5
1953,5,3,5
1953,6,4,5
1953,7,3,5
1953,8,4,5
1953,9,4,5
1953,10,4,5
1953,11,3,5
1953,12,3,5
1953,13,3,5
1953,14,3,5
1953,15,3,5
1953,16,5,5
1953,17,5,5
1953,18,5,5
1953,19,5,5
end,end,end,end
633,1,3,3
633,2,3,3
633,3,3,3
633,4,3,3
633,5,3,3
633,6,3,3
633,7,3,3
633,8,3,3
633,9,3,3
633,10,3,3
633,11,3,3
633,12,3,3
633,13,3,3
633,14,3,3
633,15,3,3
633,16,3,3
633,17,3,3
633,18,3,3
633,19,3,3
633,20,3,3
end,end,end,end
43,1,1,1
43,2,1,1
43,3,1,1
43,4,1,1
43,5,1,1
43,6,1,1
43,7,1,1
43,8,1,1
43,9,1,1
43,10,1,1
43,11,1,1
43,12,1,1
43,13,1,1
43,14,1,1
43,15,1,1
end,end,end,end
845,1,3,3
845,2,3,3
845,3,3,3
845,4,3,3
845,5,3,3
845,6,3,3
845,7,3,3
845,8,3,3
845,9,3,3
845,10,3,3
845,11,3,3
845,12,3,3
845,13,3,3
845,14,3,3
845,15,3,3
845,16,3,3
845,17,6,3
845,18,6,3
845,19,3,3
845,20,3,3
end,end,end,end
2707,1,3,6
2707,2,3,6
2707,3,3,6
2707,4,3,6
2707,5,3,6
2707,6,3,6
2707,7,3,6
2707,8,3,6
2707,9,3,6
2707,10,3,6
2707,11,3,6
2707,12,3,6
2707,13,3,6
end,end,end,end
66,1,1,1
66,2,1,1
66,3,1,1
66,4,1,1
66,5,1,1
66,6,1,1
66,7,1,1
66,8,1,1
66,9,1,1
66,10,1,1
66,11,1,1
66,12,1,1
66,13,1,1
66,14,1,1
66,15,1,1
66,16,1,1
66,17,1,1
66,18,1,1
end,end,end,end
2950,1,4,3
2950,2,4,3
2950,3,4,3
2950,4,4,3
2950,5,4,3
2950,6,4,3
2950,7,4,3
2950,8,4,3
2950,9,4,3
2950,10,4,3
2950,11,4,3
2950,12,3,3
2950,13,3,3
2950,14,3,3
2950,15,3,3
2950,16,3,3
2950,17,3,3
end,end,end,end
4127,1,4,4
4127,2,4,4
4127,3,4,4
4127,4,4,4
4127,5,4,4
4127,6,4,4
4127,7,4,4
4127,8,4,4
4127,9,4,4
4127,10,4,4
4127,11,4,4
4127,12,4,4
4127,13,4,4
4127,14,4,4
4127,15,4,4
end,end,end,end
1041,1,2,2
1041,2,2,2
1041,3,2,2
1041,4,2,2
1041,5,2,2
1041,6,2,2
1041,7,2,2
1041,8,2,2
1041,9,2,2
1041,10,2,2
1041,11,2,2
1041,12,2,2
1041,13,2,2
1041,14,2,2
1041,15,2,2
end,end,end,end
1553,1,3,1
1553,2,3,1
1553,3,3,1
1553,4,3,1
1553,5,3,1
1553,6,1,1
1553,7,1,1
1553,8,1,1
1553,9,1,1
1553,10,1,1
1553,11,1,1
1553,12,1,1
1553,13,1,1
1553,14,1,1
1553,15,1,1
1553,16,1,1
1553,17,1,1
1553,18,1,1
1553,19,1,1
1553,20,1,1
1553,21,1,1
1553,22,1,1
1553,23,1,1
1553,24,1,1
1553,25,1,1
end,end,end,end
3819,1,3,3
3819,2,3,3
3819,3,3,3
3819,4,3,3
3819,5,3,3
3819,6,3,3
3819,7,3,3
3819,8,3,3
3819,9,3,3
3819,10,3,3
3819,11,3,3
3819,12,3,3
3819,13,3,3
3819,14,3,3
3819,15,3,3
3819,16,3,3
3819,17,3,3
3819,18,3,3
3819,19,3,3
end,end,end,end
564,1,3,3
564,2,3,3
564,3,3,3
564,4,3,3
564,5,3,3
564,6,3,3
564,7,3,3
564,8,3,3
564,9,3,3
564,10,3,3
564,11,3,3
564,12,3,3
564,13,3,3
564,14,3,3
564,15,3,3
564,16,3,3
564,17,3,3
564,18,3,3
564,19,3,3
564,20,3,3
564,21,3,3
564,22,3,3
564,23,3,3
564,24,3,3
564,25,3,3
end,end,end,end
265,1,4,1
265,2,1,1
265,3,1,1
265,4,1,1
265,5,1,1
265,6,1,1
265,7,1,1
265,8,1,1
265,9,1,1
265,10,1,1
265,11,1,1
265,12,1,1
265,13,1,1
265,14,1,1
265,15,1,1
end,end,end,end
1050,1,2,2
1050,2,2,2
1050,3,2,2
1050,4,2,2
1050,5,2,2
1050,6,2,2
1050,7,2,2
1050,8,2,2
1050,9,2,2
1050,10,2,2
1050,11,2,2
1050,12,2,2
1050,13,2,2
1050,14,2,2
1050,15,2,2
end,end,end,end
2814,1,3,3
2814,2,3,3
2814,3,3,3
2814,4,3,3
2814,5,3,3
2814,6,3,3
2814,7,3,3
2814,8,3,3
2814,9,3,3
2814,10,3,3
2814,11,3,3
2814,12,3,3
2814,13,3,3
2814,14,3,3
2814,15,3,3
2814,16,3,3
2814,17,3,3
2814,18,3,3
2814,19,3,3
2814,20,3,3
2814,21,3,3
2814,22,3,3
2814,23,3,3
2814,24,3,3
end,end,end,end
3626,1,3,5
3626,2,3,5
3626,3,3,5
3626,4,3,5
3626,5,3,5
3626,6,3,5
3626,7,3,5
3626,8,3,5
3626,9,3,5
3626,10,5,5
3626,11,5,5
3626,12,5,5
3626,13,5,5
3626,14,5,5
3626,15,5,5
3626,16,5,5
3626,17,5,5
3626,18,5,5
3626,19,5,5
3626,20,5,5
3626,21,5,5
end,end,end,end
290,1,2,3
290,2,2,3
290,3,2,3
290,4,2,3
290,5,2,3
290,6,2,3
290,7,2,3
290,8,2,3
290,9,1,3
290,10,1,3
290,11,1,3
290,12,3,3
290,13,3,3
290,14,3,3
290,15,3,3
290,16,3,3
290,17,3,3
end,end,end,end
3084,1,4,4
3084,2,4,4
3084,3,4,4
3084,4,4,4
3084,5,4,4
3084,6,4,4
3084,7,4,4
3084,8,4,4
3084,9,4,4
3084,10,4,4
3084,11,4,4
3084,12,4,4
3084,13,4,4
3084,14,4,4
3084,15,4,4
3084,16,4,4
end,end,end,end
1061,1,2,2
1061,2,2,2
1061,3,2,2
1061,4,2,2
1061,5,2,2
1061,6,2,2
1061,7,2,2
1061,8,2,2
1061,9,2,2
1061,10,2,2
1061,11,2,2
1061,12,2,2
1061,13,2,2
1061,14,2,2
1061,15,2,2
end,end,end,end
255,1,1,1
255,2,1,1
255,3,1,1
255,4,1,1
255,5,1,1
255,6,1,1
255,7,1,1
255,8,1,1
255,9,1,1
255,10,1,1
255,11,1,1
255,12,1,1
255,13,1,1
255,14,1,1
255,15,1,1
255,16,1,1
255,17,1,1
255,18,1,1
end,end,end,end
34,1,1,1
34,2,1,1
34,3,1,1
34,4,1,1
34,5,1,1
34,6,1,1
34,7,1,1
34,8,1,1
34,9,1,1
34,10,1,1
34,11,1,1
34,12,1,1
34,13,1,1
34,14,1,1
34,15,1,1
34,16,1,1
34,17,1,1
34,18,1,1
34,19,1,1
34,20,1,1
34,21,1,1
34,22,1,1
34,23,1,1
end,end,end,end
973,1,2,2
973,2,2,2
973,3,2,2
973,4,2,2
973,5,2,2
973,6,2,2
973,7,2,2
973,8,2,2
973,9,2,2
973,10,2,2
973,11,2,2
973,12,2,2
973,13,2,2
973,14,2,2
973,15,2,2
end,end,end,end
3399,1,2,2
3399,2,2,2
3399,3,2,2
3399,4,2,2
3399,5,2,2
3399,6,2,2
3399,7,2,2
3399,8,2,2
3399,9,2,2
3399,10,2,2
3399,11,2,2
3399,12,2,2
3399,13,2,2
3399,14,2,2
3399,15,2,2
3399,16,2,2
3399,17,2,2
3399,18,2,2
3399,19,2,2
3399,20,2,2
3399,21,2,2
3399,22,2,2
3399,23,2,2
3399,24,2,2
3399,25,2,2
end,end,end,end
2413,1,2,2
2413,2,2,2
2413,3,2,2
2413,4,2,2
2413,5,2,2
2413,6,2,2
2413,7,2,2
2413,8,2,2
2413,9,2,2
2413,10,2,2
2413,11,2,2
2413,12,2,2
2413,13,2,2
2413,14,2,2
2413,15,2,2
2413,16,2,2
2413,17,2,2
2413,18,2,2
2413,19,2,2
2413,20,2,2
2413,21,2,2
2413,22,2,2
2413,23,2,2
2413,24,2,2
2413,25,2,2
end,end,end,end
3634,1,4,4
3634,2,4,4
3634,3,4,4
3634,4,4,4
3634,5,4,4
3634,6,4,4
3634,7,4,4
3634,8,4,4
3634,9,4,4
3634,10,4,4
3634,11,4,4
3634,12,4,4
3634,13,4,4
3634,14,4,4
3634,15,4,4
3634,16,4,4
3634,17,4,4
3634,18,4,4
3634,19,4,4
end,end,end,end
939,1,3,3
939,2,3,3
939,3,3,3
939,4,3,3
939,5,3,3
939,6,3,3
939,7,3,3
939,8,3,3
939,9,3,3
939,10,3,3
939,11,3,3
939,12,3,3
939,13,3,3
939,14,3,3
939,15,3,3
end,end,end,end
38,1,1,1
38,2,1,1
38,3,1,1
38,4,1,1
38,5,1,1
38,6,1,1
38,7,1,1
38,8,1,1
38,9,1,1
38,10,1,1
38,11,1,1
38,12,1,1
38,13,1,1
38,14,1,1
38,15,1,1
38,16,1,1
38,17,1,1
38,18,1,1
38,19,1,1
38,20,1,1
38,21,1,1
38,22,1,1
end,end,end,end
3468,1,2,2
3468,2,2,2
3468,3,2,2
3468,4,2,2
3468,5,2,2
3468,6,2,2
3468,7,2,2
3468,8,2,2
3468,9,2,2
3468,10,2,2
3468,11,2,2
3468,12,2,2
3468,13,2,2
3468,14,2,2
3468,15,2,2
3468,16,2,2
3468,17,2,2
3468,18,2,2
3468,19,2,2
3468,20,2,2
3468,21,2,2
3468,22,2,2
3468,23,2,2
3468,24,2,2
3468,25,2,2
end,end,end,end
683,1,3,3
683,2,3,3
683,3,3,3
683,4,3,3
683,5,3,3
683,6,3,3
683,7,3,3
683,8,3,3
683,9,3,3
683,10,3,3
683,11,3,3
683,12,3,3
683,13,3,3
683,14,3,3
683,15,3,3
683,16,3,3
683,17,3,3
683,18,3,3
end,end,end,end
3621,1,4,4
3621,2,4,4
3621,3,4,4
3621,4,4,4
3621,5,4,4
3621,6,4,4
3621,7,4,4
3621,8,4,4
3621,9,4,4
3621,10,4,4
3621,11,4,4
3621,12,4,4
3621,13,4,4
3621,14,4,4
3621,15,4,4
3621,16,4,4
end,end,end,end
277,1,2,2
277,2,2,2
277,3,2,2
277,4,2,2
277,5,2,2
277,6,2,2
277,7,2,2
277,8,2,2
277,9,2,2
277,10,2,2
277,11,2,2
277,12,2,2
277,13,2,2
277,14,2,2
277,15,2,2
end,end,end,end
1892,1,2,2
1892,2,2,2
1892,3,2,2
1892,4,2,2
1892,5,2,2
1892,6,2,2
1892,7,2,2
1892,8,2,2
1892,9,2,2
1892,10,2,2
1892,11,2,2
1892,12,2,2
1892,13,2,2
1892,14,2,2
1892,15,2,2
1892,16,2,2
1892,17,2,2
1892,18,2,2
1892,19,2,2
1892,20,2,2
1892,21,2,2
1892,22,2,2
1892,23,2,2
1892,24,2,2
1892,25,2,2
end,end,end,end
4026,1,2,5
4026,2,3,5
4026,3,3,5
4026,4,3,5
4026,5,3,5
4026,6,3,5
4026,7,3,5
4026,8,5,5
4026,9,5,5
4026,10,5,5
4026,11,5,5
4026,12,5,5
4026,13,5,5
4026,14,5,5
4026,15,5,5
4026,16,5,5
4026,17,5,5
4026,18,5,5
4026,19,5,5
4026,20,5,5
4026,21,5,5
4026,22,5,5
4026,23,5,5
4026,24,5,5
4026,25,5,5
4026,26,5,5
4026,27,5,5
4026,28,5,5
4026,29,5,5
end,end,end,end
1949,1,3,1
1949,2,4,1
1949,3,4,1
1949,4,3,1
1949,5,3,1
1949,6,3,1
1949,7,3,1
1949,8,3,1
1949,9,3,1
1949,10,3,1
1949,11,3,1
1949,12,1,1
1949,13,1,1
1949,14,1,1
1949,15,1,1
end,end,end,end
2408,1,2,2
2408,2,2,2
2408,3,2,2
2408,4,2,2
2408,5,2,2
2408,6,2,2
2408,7,2,2
2408,8,2,2
2408,9,2,2
2408,10,2,2
2408,11,2,2
2408,12,2,2
2408,13,2,2
2408,14,2,2
2408,15,2,2
2408,16,2,2
2408,17,2,2
2408,18,2,2
2408,19,2,2
end,end,end,end
657,1,3,3
657,2,3,3
657,3,3,3
657,4,3,3
657,5,3,3
657,6,3,3
657,7,3,3
657,8,3,3
657,9,3,3
657,10,3,3
657,11,3,3
657,12,3,3
657,13,3,3
657,14,3,3
657,15,3,3
657,16,3,3
657,17,3,3
657,18,3,3
657,19,3,3
657,20,3,3
657,21,3,3
end,end,end,end
281,1,3,3
281,2,3,3
281,3,3,3
281,4,3,3
281,5,3,3
281,6,3,3
281,7,3,3
281,8,3,3
281,9,3,3
281,10,3,3
281,11,3,3
281,12,3,3
281,13,3,3
281,14,3,3
281,15,3,3
281,16,3,3
281,17,3,3
281,18,3,3
281,19,3,3
end,end,end,end
527,1,3,3
527,2,3,3
527,3,3,3
527,4,3,3
527,5,3,3
527,6,3,3
527,7,3,3
527,8,3,3
527,9,3,3
527,10,3,3
527,11,3,3
527,12,3,3
527,13,3,3
527,14,3,3
527,15,3,3
527,16,3,3
527,17,3,3
end,end,end,end
1478,1,2,1
1478,2,2,1
1478,3,2,1
1478,4,2,1
1478,5,2,1
1478,6,2,1
1478,7,2,1
1478,8,2,1
1478,9,2,1
1478,10,2,1
1478,11,2,1
1478,12,2,1
1478,13,2,1
1478,14,2,1
1478,15,2,1
end,end,end,end
556,1,3,3
556,2,3,3
556,3,3,3
556,4,3,3
556,5,3,3
556,6,3,3
556,7,3,3
556,8,3,3
556,9,3,3
556,10,3,3
556,11,3,3
556,12,3,3
556,13,3,3
556,14,3,3
556,15,3,3
556,16,3,3
556,17,3,3
556,18,3,3
556,19,3,3
556,20,3,3
end,end,end,end
1448,1,4,1
1448,2,3,1
1448,3,3,1
1448,4,3,1
1448,5,3,1
1448,6,3,1
1448,7,3,1
1448,8,3,1
1448,9,3,1
1448,10,3,1
1448,11,3,1
1448,12,3,1
1448,13,3,1
1448,14,3,1
1448,15,3,1
1448,16,3,1
end,end,end,end
650,1,2,3
650,2,3,3
650,3,3,3
650,4,3,3
650,5,3,3
650,6,3,3
650,7,3,3
650,8,3,3
650,9,3,3
650,10,3,3
650,11,3,3
650,12,3,3
650,13,3,3
650,14,3,3
650,15,3,3
650,16,3,3
650,17,3,3
650,18,3,3
650,19,3,3
650,20,3,3
650,21,3,3
650,22,3,3
end,end,end,end
3450,1,2,2
3450,2,2,2
3450,3,2,2
3450,4,2,2
3450,5,2,2
3450,6,2,2
3450,7,2,2
3450,8,2,2
3450,9,2,2
3450,10,2,2
3450,11,2,2
3450,12,2,2
3450,13,2,2
3450,14,2,2
3450,15,2,2
3450,16,2,2
3450,17,2,2
3450,18,2,2
3450,19,2,2
3450,20,2,2
3450,21,2,2
3450,22,2,2
3450,23,2,2
3450,24,2,2
3450,25,2,2
end,end,end,end
3438,1,2,2
3438,2,2,2
3438,3,2,2
3438,4,2,2
3438,5,2,2
3438,6,2,2
3438,7,2,2
3438,8,2,2
3438,9,2,2
3438,10,2,2
3438,11,2,2
3438,12,2,2
3438,13,2,2
3438,14,2,2
3438,15,2,2
3438,16,2,2
3438,17,2,2
3438,18,2,2
3438,19,2,2
3438,20,2,2
3438,21,2,2
3438,22,2,2
3438,23,2,2
3438,24,2,2
3438,25,2,2
end,end,end,end
2711,1,3,6
2711,2,3,6
2711,3,3,6
2711,4,3,6
2711,5,3,6
2711,6,3,6
2711,7,3,6
2711,8,3,6
2711,9,3,6
2711,10,3,6
2711,11,3,6
2711,12,3,6
2711,13,3,6
2711,14,3,6
2711,15,3,6
end,end,end,end
2716,1,2,6
2716,2,3,6
2716,3,3,6
2716,4,3,6
2716,5,3,6
2716,6,3,6
2716,7,3,6
2716,8,3,6
2716,9,3,6
2716,10,3,6
2716,11,3,6
2716,12,3,6
2716,13,3,6
end,end,end,end
3691,1,4,4
3691,2,4,4
3691,3,4,4
3691,4,4,4
3691,5,4,4
3691,6,4,4
3691,7,4,4
3691,8,4,4
3691,9,4,4
3691,10,4,4
3691,11,4,4
3691,12,4,4
3691,13,4,4
3691,14,4,4
3691,15,4,4
3691,16,4,4
3691,17,4,4
3691,18,4,4
3691,19,4,4
3691,20,2,4
3691,21,2,4
end,end,end,end
3623,1,2,4
3623,2,4,4
3623,3,4,4
3623,4,4,4
3623,5,4,4
3623,6,4,4
3623,7,4,4
3623,8,4,4
3623,9,4,4
3623,10,4,4
3623,11,4,4
3623,12,4,4
3623,13,4,4
3623,14,4,4
3623,15,4,4
3623,16,4,4
3623,17,4,4
3623,18,4,4
3623,19,4,4
3623,20,4,4
3623,21,4,4
3623,22,4,4
end,end,end,end
140,1,1,1
140,2,1,1
140,3,1,1
140,4,1,1
140,5,1,1
140,6,1,1
140,7,1,1
140,8,1,1
140,9,1,1
140,10,1,1
140,11,1,1
140,12,1,1
140,13,1,1
140,14,1,1
140,15,1,1
140,16,1,1
140,17,1,1
140,18,1,1
140,19,1,1
end,end,end,end
3798,1,2,4
3798,2,2,4
3798,3,4,4
3798,4,4,4
3798,5,4,4
3798,6,4,4
3798,7,4,4
3798,8,4,4
3798,9,4,4
3798,10,4,4
3798,11,4,4
3798,12,4,4
3798,13,4,4
3798,14,4,4
3798,15,4,4
3798,16,4,4
3798,17,4,4
end,end,end,end
3960,1,3,2
3960,2,3,2
3960,3,3,2
3960,4,3,2
3960,5,3,2
3960,6,3,2
3960,7,3,2
3960,8,3,2
3960,9,3,2
3960,10,3,2
3960,11,3,2
3960,12,3,2
3960,13,3,2
3960,14,3,2
3960,15,3,2
3960,16,3,2
3960,17,3,2
3960,18,3,2
3960,19,3,2
3960,20,3,2
3960,21,3,2
3960,22,3,2
3960,23,3,2
3960,24,3,2
3960,25,3,2
end,end,end,end
51,1,4,1
51,2,1,1
51,3,1,1
51,4,1,1
51,5,1,1
51,6,1,1
51,7,1,1
51,8,1,1
51,9,1,1
51,10,1,1
51,11,1,1
51,12,1,1
51,13,1,1
51,14,1,1
51,15,1,1
51,16,1,1
end,end,end,end
3508,1,2,2
3508,2,2,2
3508,3,2,2
3508,4,2,2
3508,5,2,2
3508,6,2,2
3508,7,2,2
3508,8,2,2
3508,9,2,2
3508,10,2,2
3508,11,2,2
3508,12,2,2
3508,13,2,2
3508,14,2,2
3508,15,2,2
3508,16,2,2
3508,17,2,2
3508,18,2,2
3508,19,2,2
3508,20,2,2
3508,21,2,2
3508,22,2,2
3508,23,2,2
3508,24,2,2
3508,25,2,2
end,end,end,end
58,1,1,1
58,2,1,1
58,3,1,1
58,4,1,1
58,5,1,1
58,6,1,1
58,7,1,1
58,8,1,1
58,9,1,1
58,10,1,1
58,11,1,1
58,12,1,1
58,13,1,1
58,14,1,1
58,15,1,1
end,end,end,end
111,1,1,1
111,2,1,1
111,3,1,1
111,4,1,1
111,5,1,1
111,6,1,1
111,7,1,1
111,8,1,1
111,9,1,1
111,10,1,1
111,11,1,1
111,12,1,1
111,13,1,1
111,14,1,1
111,15,1,1
end,end,end,end
2969,1,4,4
2969,2,4,4
2969,3,4,4
2969,4,4,4
2969,5,4,4
2969,6,4,4
2969,7,4,4
2969,8,4,4
2969,9,4,4
2969,10,4,4
2969,11,4,4
2969,12,4,4
2969,13,4,4
2969,14,4,4
2969,15,4,4
2969,16,4,4
end,end,end,end
3609,1,3,5
3609,2,3,5
3609,3,3,5
3609,4,5,5
3609,5,5,5
3609,6,5,5
3609,7,5,5
3609,8,5,5
3609,9,5,5
3609,10,5,5
3609,11,5,5
3609,12,5,5
3609,13,5,5
3609,14,5,5
3609,15,5,5
3609,16,5,5
end,end,end,end
4025,1,4,4
4025,2,4,4
4025,3,4,4
4025,4,4,4
4025,5,4,4
4025,6,4,4
4025,7,4,4
4025,8,4,4
4025,9,3,4
4025,10,3,4
4025,11,3,4
4025,12,3,4
4025,13,3,4
4025,14,3,4
4025,15,3,4
4025,16,3,4
4025,17,3,4
4025,18,3,4
4025,19,3,4
4025,20,3,4
4025,21,3,4
4025,22,3,4
4025,23,3,4
4025,24,3,4
end,end,end,end
3513,1,2,2
3513,2,2,2
3513,3,2,2
3513,4,2,2
3513,5,2,2
3513,6,2,2
3513,7,2,2
3513,8,2,2
3513,9,2,2
3513,10,2,2
3513,11,2,2
3513,12,2,2
3513,13,2,2
3513,14,2,2
3513,15,2,2
3513,16,2,2
3513,17,2,2
3513,18,2,2
3513,19,2,2
3513,20,2,2
3513,21,2,2
3513,22,2,2
3513,23,2,2
3513,24,2,2
3513,25,2,2
end,end,end,end
3135,1,3,6
3135,2,3,6
3135,3,3,6
3135,4,3,6
3135,5,3,6
3135,6,3,6
3135,7,3,6
3135,8,3,6
3135,9,3,6
3135,10,3,6
3135,11,3,6
3135,12,6,6
3135,13,6,6
3135,14,6,6
3135,15,6,6
3135,16,6,6
3135,17,6,6
3135,18,6,6
3135,19,6,6
3135,20,6,6
end,end,end,end
267,1,1,1
267,2,1,1
267,3,1,1
267,4,1,1
267,5,1,1
267,6,1,1
267,7,1,1
267,8,1,1
267,9,1,1
267,10,1,1
267,11,1,1
267,12,1,1
267,13,1,1
267,14,1,1
267,15,1,1
267,16,1,1
267,17,1,1
267,18,1,1
267,19,1,1
267,20,1,1
267,21,1,1
267,22,1,1
267,23,1,1
267,24,1,1
267,25,1,1
267,26,1,1
267,27,1,1
end,end,end,end
2513,1,2,2
2513,2,2,2
2513,3,2,2
2513,4,2,2
2513,5,2,2
2513,6,2,2
2513,7,2,2
2513,8,2,2
2513,9,2,2
2513,10,2,2
2513,11,2,2
2513,12,2,2
2513,13,2,2
2513,14,2,2
2513,15,2,2
2513,16,2,2
2513,17,2,2
2513,18,2,2
end,end,end,end
186,1,1,1
186,2,1,1
186,3,1,1
186,4,1,1
186,5,1,1
186,6,1,1
186,7,1,1
186,8,1,1
186,9,1,1
186,10,1,1
186,11,1,1
186,12,1,1
186,13,1,1
186,14,1,1
186,15,1,1
186,16,1,1
186,17,1,1
end,end,end,end
3620,1,4,4
3620,2,3,4
3620,3,4,4
3620,4,4,4
3620,5,4,4
3620,6,4,4
3620,7,4,4
3620,8,4,4
3620,9,4,4
3620,10,4,4
3620,11,4,4
3620,12,4,4
3620,13,4,4
3620,14,4,4
3620,15,4,4
3620,16,4,4
3620,17,4,4
3620,18,4,4
3620,19,4,4
3620,20,4,4
3620,21,4,4
3620,22,4,4
3620,23,4,4
end,end,end,end
2463,1,2,2
2463,2,2,2
2463,3,2,2
2463,4,2,2
2463,5,2,2
2463,6,2,2
2463,7,2,2
2463,8,2,2
2463,9,2,2
2463,10,2,2
2463,11,2,2
2463,12,2,2
2463,13,2,2
2463,14,2,2
2463,15,2,2
end,end,end,end
3223,1,2,6
3223,2,2,6
3223,3,2,6
3223,4,2,6
3223,5,2,6
3223,6,2,6
3223,7,2,6
3223,8,2,6
3223,9,5,6
3223,10,5,6
3223,11,5,6
3223,12,5,6
3223,13,5,6
3223,14,5,6
3223,15,5,6
3223,16,5,6
3223,17,5,6
3223,18,5,6
3223,19,5,6
3223,20,5,6
end,end,end,end
3107,1,4,4
3107,2,4,4
3107,3,4,4
3107,4,4,4
3107,5,4,4
3107,6,4,4
3107,7,4,4
3107,8,4,4
3107,9,4,4
3107,10,4,4
3107,11,4,4
3107,12,4,4
3107,13,4,4
3107,14,4,4
3107,15,4,4
end,end,end,end
3217,1,3,3
3217,2,3,3
3217,3,3,3
3217,4,3,3
3217,5,3,3
3217,6,3,3
3217,7,3,3
3217,8,3,3
3217,9,3,3
3217,10,3,3
3217,11,3,3
3217,12,3,3
3217,13,3,3
3217,14,3,3
3217,15,3,3
3217,16,3,3
3217,17,3,3
3217,18,3,3
3217,19,3,3
3217,20,3,3
3217,21,3,3
3217,22,3,3
end,end,end,end
848,1,3,3
848,2,3,3
848,3,3,3
848,4,3,3
848,5,3,3
848,6,3,3
848,7,3,3
848,8,3,3
848,9,3,3
848,10,3,3
848,11,3,3
848,12,3,3
848,13,3,3
848,14,3,3
848,15,3,3
848,16,3,3
848,17,3,3
848,18,3,3
848,19,3,3
848,20,3,3
848,21,3,3
848,22,3,3
848,23,3,3
848,24,3,3
end,end,end,end
46,1,1,1
46,2,1,1
46,3,1,1
46,4,1,1
46,5,1,1
46,6,1,1
46,7,1,1
46,8,1,1
46,9,1,1
46,10,1,1
46,11,1,1
46,12,1,1
46,13,1,1
46,14,1,1
46,15,1,1
46,16,1,1
46,17,1,1
end,end,end,end
4084,1,4,4
4084,2,4,4
4084,3,4,4
4084,4,4,4
4084,5,4,4
4084,6,4,4
4084,7,4,4
4084,8,4,4
4084,9,4,4
4084,10,4,4
4084,11,4,4
4084,12,4,4
4084,13,4,4
4084,14,4,4
4084,15,4,4
4084,16,4,4
4084,17,4,4
4084,18,4,4
4084,19,4,4
end,end,end,end
3016,1,4,4
3016,2,4,4
3016,3,4,4
3016,4,4,4
3016,5,4,4
3016,6,4,4
3016,7,4,4
3016,8,4,4
3016,9,4,4
3016,10,4,4
3016,11,4,4
3016,12,4,4
3016,13,4,4
3016,14,4,4
3016,15,4,4
3016,16,4,4
3016,17,4,4
3016,18,4,4
end,end,end,end
3422,1,2,2
3422,2,2,2
3422,3,2,2
3422,4,2,2
3422,5,2,2
3422,6,2,2
3422,7,2,2
3422,8,2,2
3422,9,2,2
3422,10,2,2
3422,11,2,2
3422,12,2,2
3422,13,2,2
3422,14,2,2
3422,15,2,2
3422,16,2,2
3422,17,2,2
3422,18,2,2
3422,19,2,2
3422,20,2,2
3422,21,2,2
3422,22,2,2
3422,23,2,2
3422,24,2,2
3422,25,2,2
end,end,end,end
3774,1,4,4
3774,2,4,4
3774,3,4,4
3774,4,4,4
3774,5,4,4
3774,6,4,4
3774,7,4,4
3774,8,4,4
3774,9,4,4
3774,10,4,4
3774,11,4,4
3774,12,4,4
3774,13,4,4
3774,14,4,4
3774,15,4,4
3774,16,4,4
3774,17,4,4
end,end,end,end
2425,1,2,2
2425,2,2,2
2425,3,2,2
2425,4,2,2
2425,5,2,2
2425,6,2,2
2425,7,2,2
2425,8,2,2
2425,9,2,2
2425,10,2,2
2425,11,2,2
2425,12,2,2
2425,13,2,2
2425,14,2,2
2425,15,2,2
2425,16,2,2
2425,17,2,2
2425,18,2,2
2425,19,2,2
2425,20,2,2
end,end,end,end
3265,1,2,2
3265,2,2,2
3265,3,2,2
3265,4,2,2
3265,5,2,2
3265,6,2,2
3265,7,2,2
3265,8,2,2
3265,9,2,2
3265,10,2,2
3265,11,2,2
3265,12,2,2
3265,13,2,2
3265,14,2,2
3265,15,2,2
3265,16,2,2
end,end,end,end
3645,1,4,4
3645,2,4,4
3645,3,4,4
3645,4,4,4
3645,5,4,4
3645,6,4,4
3645,7,4,4
3645,8,4,4
3645,9,4,4
3645,10,4,4
3645,11,4,4
3645,12,4,4
3645,13,4,4
3645,14,4,4
3645,15,4,4
3645,16,4,4
3645,17,4,4
3645,18,4,4
3645,19,4,4
3645,20,4,4
3645,21,4,4
3645,22,4,4
3645,23,4,4
end,end,end,end
1626,1,3,6
1626,2,3,6
1626,3,3,6
1626,4,3,6
1626,5,3,6
1626,6,3,6
1626,7,3,6
1626,8,3,6
1626,9,3,6
1626,10,3,6
1626,11,3,6
1626,12,3,6
1626,13,3,6
1626,14,3,6
1626,15,3,6
1626,16,3,6
1626,17,3,6
1626,18,3,6
1626,19,3,6
1626,20,3,6
1626,21,3,6
1626,22,3,6
end,end,end,end
3619,1,3,6
3619,2,3,6
3619,3,3,6
3619,4,3,6
3619,5,3,6
3619,6,3,6
3619,7,3,6
3619,8,3,6
3619,9,3,6
3619,10,3,6
3619,11,3,6
3619,12,3,6
3619,13,3,6
3619,14,3,6
3619,15,3,6
3619,16,3,6
3619,17,3,6
3619,18,3,6
3619,19,3,6
3619,20,3,6
3619,21,3,6
3619,22,3,6
3619,23,3,6
3619,24,3,6
3619,25,3,6
3619,26,3,6
3619,27,3,6
end,end,end,end
3952,1,4,4
3952,2,4,4
3952,3,4,4
3952,4,4,4
3952,5,4,4
3952,6,4,4
3952,7,4,4
3952,8,4,4
3952,9,4,4
3952,10,4,4
3952,11,4,4
3952,12,4,4
3952,13,4,4
3952,14,4,4
3952,15,4,4
3952,16,4,4
end,end,end,end
228,1,1,1
228,2,1,1
228,3,1,1
228,4,1,1
228,5,1,1
228,6,1,1
228,7,1,1
228,8,1,1
228,9,1,1
228,10,1,1
228,11,1,1
228,12,1,1
end,end,end,end
3872,1,4,4
3872,2,4,4
3872,3,4,4
3872,4,4,4
3872,5,4,4
3872,6,4,4
3872,7,4,4
3872,8,4,4
3872,9,4,4
3872,10,4,4
3872,11,5,4
3872,12,5,4
3872,13,5,4
3872,14,5,4
3872,15,5,4
3872,16,5,4
end,end,end,end
199,1,1,1
199,2,1,1
199,3,1,1
199,4,1,1
199,5,1,1
199,6,1,1
199,7,1,1
199,8,1,1
199,9,1,1
199,10,1,1
199,11,1,1
199,12,1,1
199,13,1,1
199,14,1,1
199,15,1,1
199,16,1,1
199,17,1,1
199,18,1,1
199,19,1,1
199,20,1,1
end,end,end,end
753,1,3,3
753,2,3,3
753,3,3,3
753,4,3,3
753,5,3,3
753,6,3,3
753,7,3,3
753,8,3,3
753,9,3,3
753,10,3,3
753,11,3,3
753,12,3,3
753,13,3,3
753,14,3,3
753,15,3,3
end,end,end,end
234,1,1,1
234,2,1,1
234,3,1,1
234,4,1,1
234,5,1,1
234,6,1,1
234,7,1,1
234,8,1,1
234,9,1,1
234,10,1,1
234,11,1,1
234,12,1,1
end,end,end,end
1637,1,3,1
1637,2,3,1
1637,3,3,1
1637,4,3,1
1637,5,3,1
1637,6,3,1
1637,7,3,1
1637,8,3,1
1637,9,1,1
1637,10,1,1
1637,11,1,1
1637,12,1,1
1637,13,1,1
1637,14,1,1
1637,15,1,1
1637,16,1,1
1637,17,1,1
1637,18,1,1
end,end,end,end
3628,1,4,4
3628,2,4,4
3628,3,4,4
3628,4,4,4
3628,5,4,4
3628,6,4,4
3628,7,4,4
3628,8,4,4
3628,9,4,4
3628,10,4,4
3628,11,4,4
3628,12,4,4
3628,13,4,4
3628,14,4,4
3628,15,4,4
3628,16,4,4
3628,17,4,4
3628,18,4,4
3628,19,4,4
3628,20,4,4
end,end,end,end
3944,1,4,4
3944,2,4,4
3944,3,4,4
3944,4,4,4
3944,5,4,4
3944,6,4,4
3944,7,4,4
3944,8,4,4
3944,9,4,4
3944,10,4,4
3944,11,4,4
3944,12,4,4
3944,13,4,4
3944,14,4,4
3944,15,4,4
end,end,end,end
3751,1,4,4
3751,2,4,4
3751,3,4,4
3751,4,4,4
3751,5,4,4
3751,6,4,4
3751,7,4,4
3751,8,4,4
3751,9,4,4
3751,10,4,4
3751,11,4,4
3751,12,4,4
3751,13,4,4
3751,14,4,4
3751,15,4,4
3751,16,4,4
3751,17,4,4
3751,18,4,4
3751,19,4,4
3751,20,4,4
3751,21,4,4
3751,22,4,4
3751,23,4,4
3751,24,4,4
3751,25,4,4
end,end,end,end
2132,1,2,2
2132,2,2,2
2132,3,2,2
2132,4,2,2
2132,5,2,2
2132,6,2,2
2132,7,2,2
2132,8,2,2
2132,9,2,2
2132,10,2,2
2132,11,2,2
2132,12,2,2
2132,13,2,2
2132,14,2,2
2132,15,2,2
2132,16,2,2
2132,17,2,2
2132,18,2,2
2132,19,2,2
2132,20,2,2
2132,21,2,2
2132,22,2,2
2132,23,2,2
2132,24,2,2
2132,25,2,2
end,end,end,end
3655,1,4,4
3655,2,4,4
3655,3,4,4
3655,4,4,4
3655,5,4,4
3655,6,4,4
3655,7,4,4
3655,8,4,4
3655,9,4,4
3655,10,4,4
3655,11,4,4
3655,12,4,4
3655,13,4,4
3655,14,4,4
3655,15,4,4
3655,16,4,4
3655,17,4,4
end,end,end,end
243,1,1,1
243,2,1,1
243,3,1,1
243,4,1,1
243,5,1,1
243,6,1,1
243,7,1,1
243,8,1,1
243,9,1,1
243,10,1,1
243,11,1,1
243,12,1,1
243,13,1,1
243,14,1,1
243,15,1,1
end,end,end,end
4036,1,4,4
4036,2,4,4
4036,3,4,4
4036,4,4,4
4036,5,4,4
4036,6,4,4
4036,7,4,4
4036,8,4,4
4036,9,4,4
4036,10,4,4
4036,11,4,4
4036,12,4,4
4036,13,4,4
4036,14,4,4
4036,15,4,4
end,end,end,end
751,1,3,3
751,2,3,3
751,3,3,3
751,4,3,3
751,5,3,3
751,6,3,3
751,7,3,3
751,8,3,3
751,9,3,3
751,10,3,3
751,11,3,3
751,12,3,3
751,13,3,3
751,14,3,3
751,15,3,3
end,end,end,end
1620,1,4,1
1620,2,3,1
1620,3,3,1
1620,4,3,1
1620,5,3,1
1620,6,3,1
1620,7,3,1
1620,8,3,1
1620,9,3,1
1620,10,3,1
1620,11,3,1
1620,12,3,1
1620,13,3,1
1620,14,3,1
1620,15,3,1
1620,16,3,1
1620,17,3,1
1620,18,3,1
end,end,end,end
1641,1,2,2
1641,2,2,2
1641,3,2,2
1641,4,2,2
1641,5,2,2
1641,6,2,2
1641,7,2,2
1641,8,2,2
1641,9,2,2
1641,10,2,2
1641,11,2,2
1641,12,2,2
1641,13,2,2
1641,14,2,2
1641,15,2,2
1641,16,2,2
1641,17,2,2
1641,18,2,2
end,end,end,end
26,1,3,1
26,2,3,1
26,3,3,1
26,4,1,1
26,5,1,1
26,6,1,1
26,7,1,1
26,8,1,1
26,9,1,1
26,10,1,1
26,11,1,1
26,12,1,1
26,13,1,1
26,14,1,1
26,15,1,1
26,16,1,1
end,end,end,end
4219,1,3,1
4219,2,3,1
4219,3,3,1
4219,4,3,1
4219,5,3,1
4219,6,3,1
4219,7,3,1
4219,8,3,1
4219,9,3,1
4219,10,3,1
4219,11,3,1
4219,12,3,1
4219,13,3,1
4219,14,3,1
4219,15,3,1
4219,16,3,1
4219,17,3,1
4219,18,3,1
4219,19,3,1
4219,20,3,1
end,end,end,end
1539,1,3,1
1539,2,3,1
1539,3,4,1
1539,4,4,1
1539,5,3,1
1539,6,3,1
1539,7,3,1
1539,8,3,1
1539,9,3,1
1539,10,3,1
1539,11,3,1
end,end,end,end
824,1,3,3
824,2,3,3
824,3,3,3
824,4,3,3
824,5,3,3
824,6,3,3
824,7,3,3
824,8,3,3
824,9,3,3
824,10,3,3
824,11,3,3
824,12,3,3
824,13,3,3
824,14,3,3
824,15,3,3
824,16,3,3
824,17,3,3
end,end,end,end
166,1,1,1
166,2,1,1
166,3,1,1
166,4,1,1
166,5,1,1
166,6,1,1
166,7,1,1
166,8,1,1
166,9,1,1
166,10,1,1
166,11,1,1
166,12,1,1
166,13,1,1
166,14,1,1
166,15,1,1
166,16,1,1
166,17,1,1
166,18,1,1
166,19,1,1
166,20,1,1
166,21,1,1
166,22,1,1
end,end,end,end
3999,1,4,4
3999,2,4,4
3999,3,4,4
3999,4,4,4
3999,5,4,4
3999,6,4,4
3999,7,4,4
3999,8,4,4
3999,9,4,4
3999,10,4,4
3999,11,4,4
3999,12,4,4
3999,13,4,4
3999,14,4,4
3999,15,4,4
end,end,end,end
2704,1,3,3
2704,2,3,3
2704,3,3,3
2704,4,3,3
2704,5,3,3
2704,6,3,3
2704,7,3,3
2704,8,3,3
2704,9,3,3
2704,10,3,3
2704,11,3,3
2704,12,3,3
2704,13,3,3
2704,14,3,3
2704,15,3,3
2704,16,3,3
end,end,end,end
3622,1,4,4
3622,2,4,4
3622,3,4,4
3622,4,4,4
3622,5,4,4
3622,6,4,4
3622,7,4,4
3622,8,4,4
3622,9,4,4
3622,10,4,4
3622,11,4,4
3622,12,4,4
3622,13,4,4
3622,14,4,4
3622,15,4,4
3622,16,4,4
3622,17,4,4
3622,18,4,4
3622,19,4,4
3622,20,4,4
end,end,end,end
4079,1,4,4
4079,2,4,4
4079,3,4,4
4079,4,4,4
4079,5,4,4
4079,6,4,4
4079,7,4,4
4079,8,4,4
4079,9,4,4
4079,10,4,4
4079,11,4,4
4079,12,4,4
4079,13,4,4
4079,14,4,4
4079,15,4,4
4079,16,4,4
end,end,end,end
2068,1,2,2
2068,2,2,2
2068,3,2,2
2068,4,2,2
2068,5,2,2
2068,6,2,2
2068,7,2,2
2068,8,2,2
2068,9,2,2
2068,10,2,2
2068,11,2,2
2068,12,2,2
2068,13,2,2
2068,14,2,2
2068,15,2,2
end,end,end,end
5,1,1,1
5,2,1,1
5,3,1,1
5,4,1,1
5,5,1,1
5,6,1,1
5,7,1,1
5,8,1,1
5,9,1,1
5,10,1,1
5,11,1,1
5,12,1,1
5,13,1,1
5,14,1,1
5,15,1,1
5,16,1,1
5,17,1,1
5,18,1,1
5,19,1,1
5,20,1,1
5,21,1,1
5,22,1,1
5,23,1,1
5,24,1,1
end,end,end,end
102,1,1,1
102,2,1,1
102,3,1,1
102,4,1,1
102,5,1,1
102,6,1,1
102,7,1,1
102,8,1,1
102,9,1,1
102,10,1,1
102,11,1,1
102,12,1,1
102,13,1,1
102,14,1,1
102,15,1,1
102,16,1,1
102,17,1,1
102,18,1,1
102,19,1,1
102,20,1,1
102,21,1,1
102,22,1,1
end,end,end,end
3739,1,4,4
3739,2,4,4
3739,3,4,4
3739,4,4,4
3739,5,4,4
3739,6,4,4
3739,7,4,4
3739,8,4,4
3739,9,4,4
3739,10,4,4
3739,11,4,4
3739,12,4,4
3739,13,4,4
3739,14,4,4
3739,15,4,4
3739,16,4,4
3739,17,4,4
3739,18,4,4
3739,19,4,4
3739,20,4,4
3739,21,4,4
3739,22,4,4
3739,23,4,4
end,end,end,end
1026,1,2,2
1026,2,2,2
1026,3,2,2
1026,4,2,2
1026,5,2,2
1026,6,2,2
1026,7,2,2
1026,8,2,2
1026,9,2,2
1026,10,2,2
1026,11,2,2
1026,12,2,2
1026,13,2,2
1026,14,2,2
1026,15,2,2
end,end,end,end
3614,1,2,4
3614,2,2,4
3614,3,2,4
3614,4,4,4
3614,5,4,4
3614,6,4,4
3614,7,4,4
3614,8,4,4
3614,9,4,4
3614,10,4,4
3614,11,4,4
3614,12,4,4
3614,13,4,4
3614,14,4,4
3614,15,4,4
3614,16,4,4
3614,17,4,4
3614,18,4,4
3614,19,4,4
3614,20,4,4
3614,21,4,4
end,end,end,end
1689,1,2,2
1689,2,2,2
1689,3,2,2
1689,4,2,2
1689,5,2,2
1689,6,2,2
1689,7,2,2
1689,8,2,2
1689,9,2,2
1689,10,2,2
1689,11,2,2
1689,12,2,2
1689,13,2,2
1689,14,2,2
1689,15,2,2
end,end,end,end
1923,1,3,1
1923,2,3,1
1923,3,3,1
1923,4,3,1
1923,5,3,1
1923,6,3,1
1923,7,3,1
1923,8,1,1
1923,9,1,1
1923,10,1,1
1923,11,1,1
1923,12,1,1
1923,13,1,1
1923,14,1,1
1923,15,1,1
1923,16,1,1
1923,17,1,1
1923,18,1,1
1923,19,2,1
1923,20,2,1
1923,21,2,1
1923,22,2,1
1923,23,2,1
1923,24,2,1
1923,25,2,1
end,end,end,end
944,1,3,3
944,2,3,3
944,3,3,3
944,4,3,3
944,5,3,3
944,6,3,3
944,7,3,3
944,8,3,3
944,9,3,3
944,10,3,3
944,11,3,3
944,12,3,3
944,13,3,3
944,14,3,3
944,15,3,3
end,end,end,end
1717,1,2,2
1717,2,2,2
1717,3,2,2
1717,4,2,2
1717,5,2,2
1717,6,2,2
1717,7,2,2
1717,8,2,2
1717,9,2,2
1717,10,2,2
1717,11,2,2
1717,12,2,2
1717,13,2,2
1717,14,2,2
1717,15,2,2
1717,16,2,2
1717,17,2,2
1717,18,2,2
1717,19,2,2
end,end,end,end
85,1,1,1
85,2,1,1
85,3,1,1
85,4,1,1
85,5,1,1
85,6,1,1
85,7,1,1
85,8,1,1
85,9,1,1
85,10,1,1
85,11,1,1
85,12,1,1
85,13,1,1
85,14,1,1
85,15,1,1
85,16,1,1
85,17,1,1
85,18,1,1
85,19,1,1
85,20,1,1
85,21,1,1
85,22,1,1
end,end,end,end
4152,1,4,4
4152,2,4,4
4152,3,4,4
4152,4,4,4
4152,5,4,4
4152,6,4,4
4152,7,4,4
4152,8,4,4
4152,9,4,4
4152,10,4,4
4152,11,4,4
4152,12,4,4
4152,13,4,4
4152,14,4,4
4152,15,4,4
4152,16,4,4
4152,17,4,4
4152,18,4,4
4152,19,4,4
4152,20,4,4
4152,21,4,4
4152,22,4,4
4152,23,4,4
4152,24,4,4
4152,25,4,4
end,end,end,end
4200,1,3,6
4200,2,3,6
4200,3,3,6
4200,4,3,6
4200,5,3,6
4200,6,4,6
4200,7,4,6
4200,8,4,6
4200,9,4,6
4200,10,3,6
4200,11,3,6
4200,12,3,6
4200,13,3,6
4200,14,3,6
4200,15,3,6
4200,16,3,6
4200,17,5,6
4200,18,4,6
4200,19,4,6
4200,20,5,6
4200,21,5,6
4200,22,5,6
4200,23,5,6
4200,24,5,6
4200,25,5,6
end,end,end,end
1996,1,2,2
1996,2,2,2
1996,3,2,2
1996,4,2,2
1996,5,2,2
1996,6,2,2
1996,7,2,2
1996,8,2,2
1996,9,2,2
1996,10,2,2
1996,11,2,2
1996,12,2,2
1996,13,2,2
1996,14,2,2
1996,15,2,2
1996,16,2,2
1996,17,2,2
1996,18,2,2
end,end,end,end
3658,1,4,4
3658,2,4,4
3658,3,4,4
3658,4,4,4
3658,5,4,4
3658,6,4,4
3658,7,4,4
3658,8,4,4
3658,9,4,4
3658,10,4,4
3658,11,4,4
3658,12,4,4
3658,13,4,4
3658,14,4,4
3658,15,4,4
3658,16,4,4
3658,17,4,4
3658,18,4,4
3658,19,4,4
3658,20,4,4
end,end,end,end
138,1,1,1
138,2,3,1
138,3,3,1
138,4,1,1
138,5,1,1
138,6,1,1
138,7,1,1
138,8,1,1
138,9,1,1
138,10,1,1
138,11,1,1
138,12,1,1
138,13,1,1
138,14,1,1
138,15,1,1
end,end,end,end
3871,1,4,4
3871,2,4,4
3871,3,4,4
3871,4,4,4
3871,5,4,4
3871,6,4,4
3871,7,4,4
3871,8,4,4
3871,9,4,4
3871,10,4,4
3871,11,4,4
3871,12,4,4
3871,13,4,4
3871,14,4,4
3871,15,4,4
3871,16,4,4
3871,17,4,4
3871,18,4,4
3871,19,4,4
3871,20,4,4
3871,21,4,4
3871,22,4,4
3871,23,4,4
3871,24,4,4
3871,25,4,4
end,end,end,end
1933,1,3,1
1933,2,3,1
1933,3,3,1
1933,4,3,1
1933,5,3,1
1933,6,3,1
1933,7,3,1
1933,8,3,1
1933,9,3,1
1933,10,3,1
1933,11,3,1
1933,12,3,1
1933,13,3,1
1933,14,3,1
1933,15,3,1
end,end,end,end
3979,1,4,4
3979,2,4,4
3979,3,4,4
3979,4,4,4
3979,5,4,4
3979,6,4,4
3979,7,4,4
3979,8,4,4
3979,9,4,4
3979,10,4,4
3979,11,4,4
3979,12,4,4
3979,13,4,4
3979,14,4,4
3979,15,4,4
3979,16,4,4
end,end,end,end
1351,1,2,2
1351,2,2,2
1351,3,2,2
1351,4,2,2
1351,5,2,2
1351,6,2,2
1351,7,2,2
1351,8,2,2
1351,9,2,2
1351,10,2,2
1351,11,2,2
1351,12,2,2
1351,13,2,2
1351,14,2,2
1351,15,2,2
end,end,end,end
3912,1,4,4
3912,2,4,4
3912,3,4,4
3912,4,4,4
3912,5,4,4
3912,6,4,4
3912,7,4,4
3912,8,4,4
3912,9,4,4
3912,10,4,4
3912,11,4,4
3912,12,4,4
3912,13,4,4
3912,14,4,4
3912,15,4,4
3912,16,4,4
end,end,end,end
2803,1,2,2
2803,2,2,2
2803,3,2,2
2803,4,2,2
2803,5,2,2
2803,6,2,2
2803,7,2,2
2803,8,2,2
2803,9,2,2
2803,10,2,2
2803,11,2,2
2803,12,2,2
2803,13,2,2
2803,14,2,2
2803,15,2,2
2803,16,2,2
2803,17,2,2
2803,18,2,2
2803,19,2,2
2803,20,2,2
2803,21,2,2
2803,22,2,2
2803,23,2,2
2803,24,2,2
end,end,end,end
197,1,1,1
197,2,1,1
197,3,1,1
197,4,1,1
197,5,1,1
197,6,1,1
197,7,1,1
197,8,1,1
197,9,1,1
197,10,1,1
197,11,1,1
197,12,1,1
197,13,1,1
197,14,1,1
end,end,end,end
1548,1,3,6
1548,2,3,6
1548,3,3,6
1548,4,3,6
1548,5,3,6
1548,6,3,6
1548,7,3,6
1548,8,3,6
1548,9,3,6
1548,10,3,6
1548,11,3,6
1548,12,3,6
1548,13,3,6
1548,14,3,6
1548,15,3,6
end,end,end,end
30,1,1,1
30,2,1,1
30,3,1,1
30,4,1,1
30,5,1,1
30,6,1,1
30,7,1,1
30,8,1,1
30,9,1,1
30,10,1,1
30,11,1,1
30,12,1,1
30,13,1,1
30,14,1,1
30,15,1,1
30,16,1,1
30,17,1,1
30,18,1,1
30,19,1,1
end,end,end,end
3719,1,4,5
3719,2,5,5
3719,3,5,5
3719,4,5,5
3719,5,5,5
3719,6,5,5
3719,7,5,5
3719,8,5,5
3719,9,5,5
3719,10,5,5
3719,11,5,5
3719,12,5,5
3719,13,5,5
3719,14,5,5
3719,15,5,5
3719,16,5,5
3719,17,5,5
end,end,end,end
3894,1,4,4
3894,2,4,4
3894,3,4,4
3894,4,4,4
3894,5,4,4
3894,6,4,4
3894,7,4,4
3894,8,4,4
3894,9,4,4
3894,10,4,4
3894,11,4,4
3894,12,4,4
3894,13,4,4
3894,14,4,4
3894,15,4,4
3894,16,4,4
3894,17,4,4
3894,18,4,4
3894,19,4,4
3894,20,4,4
end,end,end,end
4118,1,4,4
4118,2,4,4
4118,3,4,4
4118,4,4,4
4118,5,4,4
4118,6,4,4
4118,7,4,4
4118,8,4,4
4118,9,4,4
4118,10,4,4
4118,11,4,4
4118,12,4,4
4118,13,4,4
4118,14,4,4
4118,15,4,4
4118,16,4,4
4118,17,4,4
4118,18,4,4
end,end,end,end
4233,1,1,3
4233,2,1,3
4233,3,1,3
4233,4,1,3
4233,5,1,3
4233,6,1,3
4233,7,1,3
4233,8,1,3
4233,9,1,3
4233,10,1,3
4233,11,1,3
4233,12,1,3
4233,13,1,3
4233,14,1,3
4233,15,3,3
4233,16,3,3
4233,17,3,3
4233,18,3,3
4233,19,3,3
4233,20,3,3
4233,21,3,3
4233,22,3,3
4233,23,3,3
4233,24,3,3
4233,25,3,3
4233,26,3,3
4233,27,3,3
4233,28,3,3
end,end,end,end
935,1,3,3
935,2,3,3
935,3,3,3
935,4,3,3
935,5,3,3
935,6,3,3
935,7,3,3
935,8,3,3
935,9,3,3
935,10,3,3
935,11,3,3
935,12,3,3
935,13,3,3
935,14,3,3
935,15,3,3
935,16,3,3
935,17,3,3
935,18,3,3
935,19,3,3
935,20,3,3
935,21,3,3
935,22,3,3
935,23,3,3
935,24,3,3
end,end,end,end
3090,1,4,4
3090,2,4,4
3090,3,4,4
3090,4,4,4
3090,5,4,4
3090,6,4,4
3090,7,4,4
3090,8,4,4
3090,9,4,4
3090,10,4,4
3090,11,4,4
3090,12,4,4
3090,13,4,4
3090,14,4,4
3090,15,4,4
3090,16,4,4
3090,17,4,4
3090,18,4,4
3090,19,4,4
3090,20,4,4
3090,21,4,4
3090,22,4,4
3090,23,4,4
3090,24,4,4
3090,25,4,4
end,end,end,end
943,1,3,3
943,2,3,3
943,3,3,3
943,4,3,3
943,5,3,3
943,6,3,3
943,7,3,3
943,8,3,3
943,9,3,3
943,10,3,3
943,11,3,3
943,12,3,3
943,13,3,3
943,14,3,3
943,15,3,3
end,end,end,end
3551,1,3,6
3551,2,3,6
3551,3,3,6
3551,4,3,6
3551,5,3,6
3551,6,3,6
3551,7,3,6
3551,8,5,6
3551,9,5,6
3551,10,5,6
3551,11,5,6
3551,12,5,6
3551,13,5,6
3551,14,5,6
3551,15,3,6
3551,16,3,6
3551,17,3,6
3551,18,3,6
3551,19,3,6
3551,20,5,6
3551,21,5,6
end,end,end,end
942,1,3,3
942,2,3,3
942,3,3,3
942,4,3,3
942,5,3,3
942,6,3,3
942,7,3,3
942,8,3,3
942,9,3,3
942,10,3,3
942,11,3,3
942,12,3,3
942,13,3,3
942,14,3,3
942,15,3,3
end,end,end,end
2196,1,2,2
2196,2,2,2
2196,3,2,2
2196,4,2,2
2196,5,2,2
2196,6,2,2
2196,7,2,2
2196,8,2,2
2196,9,2,2
2196,10,2,2
2196,11,2,2
2196,12,2,2
2196,13,2,2
2196,14,2,2
2196,15,2,2
2196,16,2,2
2196,17,2,2
2196,18,2,2
2196,19,2,2
2196,20,2,2
2196,21,2,2
2196,22,2,2
2196,23,2,2
2196,24,2,2
2196,25,2,2
end,end,end,end
340,1,4,3
340,2,3,3
340,3,3,3
340,4,3,3
340,5,3,3
340,6,3,3
340,7,3,3
340,8,3,3
340,9,3,3
340,10,3,3
340,11,3,3
340,12,3,3
340,13,3,3
340,14,3,3
340,15,3,3
340,16,3,3
end,end,end,end
762,1,3,3
762,2,3,3
762,3,3,3
762,4,3,3
762,5,3,3
762,6,3,3
762,7,3,3
762,8,3,3
762,9,3,3
762,10,3,3
762,11,3,3
762,12,3,3
762,13,3,3
762,14,3,3
762,15,3,3
end,end,end,end
422,1,3,3
422,2,3,3
422,3,3,3
422,4,3,3
422,5,3,3
422,6,3,3
422,7,3,3
422,8,3,3
422,9,3,3
422,10,3,3
422,11,3,3
422,12,3,3
422,13,3,3
422,14,3,3
422,15,3,3
422,16,3,3
422,17,3,3
422,18,3,3
422,19,3,3
end,end,end,end
3284,1,2,2
3284,2,2,2
3284,3,2,2
3284,4,2,2
3284,5,2,2
3284,6,2,2
3284,7,2,2
3284,8,2,2
3284,9,2,2
3284,10,2,2
3284,11,2,2
3284,12,2,2
3284,13,2,2
3284,14,2,2
3284,15,2,2
end,end,end,end
3210,1,2,2
3210,2,2,2
3210,3,2,2
3210,4,2,2
3210,5,2,2
3210,6,2,2
3210,7,2,2
3210,8,2,2
3210,9,2,2
3210,10,2,2
3210,11,2,2
3210,12,2,2
3210,13,2,2
3210,14,2,2
3210,15,2,2
3210,16,2,2
3210,17,2,2
3210,18,2,2
3210,19,2,2
3210,20,2,2
3210,21,2,2
3210,22,2,2
3210,23,2,2
3210,24,2,2
3210,25,2,2
end,end,end,end
731,1,2,3
731,2,2,3
731,3,2,3
731,4,2,3
731,5,2,3
731,6,2,3
731,7,2,3
731,8,2,3
731,9,2,3
731,10,2,3
731,11,2,3
731,12,2,3
731,13,2,3
731,14,2,3
731,15,2,3
end,end,end,end
4188,1,4,4
4188,2,4,4
4188,3,4,4
4188,4,4,4
4188,5,4,4
4188,6,4,4
4188,7,4,4
4188,8,4,4
4188,9,4,4
4188,10,4,4
4188,11,4,4
4188,12,4,4
4188,13,4,4
4188,14,4,4
4188,15,4,4
4188,16,4,4
4188,17,4,4
4188,18,4,4
4188,19,4,4
4188,20,4,4
4188,21,4,4
end,end,end,end
4169,1,4,4
4169,2,4,4
4169,3,4,4
4169,4,4,4
4169,5,4,4
4169,6,4,4
4169,7,4,4
4169,8,4,4
4169,9,4,4
4169,10,4,4
4169,11,4,4
4169,12,4,4
4169,13,4,4
4169,14,4,4
4169,15,4,4
4169,16,4,4
4169,17,4,4
4169,18,4,4
4169,19,4,4
end,end,end,end
1741,1,2,2
1741,2,2,2
1741,3,2,2
1741,4,2,2
1741,5,2,2
1741,6,2,2
1741,7,2,2
1741,8,2,2
1741,9,2,2
1741,10,2,2
1741,11,2,2
1741,12,2,2
1741,13,2,2
1741,14,2,2
1741,15,2,2
1741,16,2,2
1741,17,2,2
1741,18,2,2
1741,19,2,2
1741,20,2,2
end,end,end,end
167,1,1,1
167,2,1,1
167,3,1,1
167,4,1,1
167,5,1,1
167,6,1,1
167,7,1,1
167,8,1,1
167,9,1,1
167,10,1,1
167,11,1,1
167,12,1,1
167,13,1,1
167,14,1,1
167,15,1,1
167,16,1,1
167,17,1,1
167,18,1,1
167,19,1,1
167,20,1,1
167,21,1,1
167,22,1,1
167,23,1,1
167,24,1,1
end,end,end,end
3733,1,4,4
3733,2,4,4
3733,3,4,4
3733,4,4,4
3733,5,4,4
3733,6,4,4
3733,7,4,4
3733,8,4,4
3733,9,4,4
3733,10,4,4
3733,11,4,4
3733,12,4,4
3733,13,4,4
3733,14,4,4
3733,15,4,4
3733,16,4,4
3733,17,4,4
3733,18,4,4
3733,19,4,4
3733,20,4,4
3733,21,4,4
end,end,end,end
93,1,1,1
93,2,1,1
93,3,1,1
93,4,1,1
93,5,1,1
93,6,1,1
93,7,1,1
93,8,1,1
93,9,1,1
93,10,1,1
93,11,1,1
93,12,1,1
93,13,1,1
93,14,1,1
93,15,1,1
93,16,1,1
93,17,1,1
93,18,1,1
end,end,end,end
946,1,3,3
946,2,3,3
946,3,3,3
946,4,3,3
946,5,3,3
946,6,3,3
946,7,3,3
946,8,3,3
946,9,3,3
946,10,3,3
946,11,3,3
946,12,3,3
946,13,3,3
946,14,3,3
946,15,3,3
end,end,end,end
2237,1,2,2
2237,2,2,2
2237,3,2,2
2237,4,2,2
2237,5,2,2
2237,6,2,2
2237,7,2,2
2237,8,2,2
2237,9,2,2
2237,10,2,2
2237,11,2,2
2237,12,2,2
2237,13,2,2
2237,14,2,2
2237,15,2,2
2237,16,2,2
2237,17,2,2
2237,18,2,2
2237,19,2,2
2237,20,2,2
2237,21,2,2
2237,22,2,2
2237,23,2,2
2237,24,2,2
2237,25,2,2
end,end,end,end
3603,1,3,3
3603,2,3,3
3603,3,3,3
3603,4,3,3
3603,5,3,3
3603,6,3,3
3603,7,3,3
3603,8,3,3
3603,9,3,3
3603,10,3,3
3603,11,5,3
3603,12,5,3
3603,13,5,3
3603,14,5,3
3603,15,5,3
3603,16,5,3
3603,17,5,3
3603,18,5,3
3603,19,5,3
3603,20,5,3
3603,21,5,3
3603,22,5,3
3603,23,5,3
3603,24,5,3
3603,25,5,3
3603,26,3,3
3603,27,3,3
3603,28,3,3
end,end,end,end
2715,1,2,6
2715,2,3,6
2715,3,3,6
2715,4,3,6
2715,5,3,6
2715,6,3,6
2715,7,3,6
2715,8,3,6
2715,9,3,6
2715,10,3,6
2715,11,3,6
2715,12,3,6
2715,13,3,6
2715,14,3,6
2715,15,3,6
2715,16,3,6
2715,17,3,6
2715,18,3,6
2715,19,3,6
2715,20,3,6
2715,21,3,6
2715,22,3,6
end,end,end,end
437,1,3,3
437,2,3,3
437,3,3,3
437,4,3,3
437,5,3,3
437,6,3,3
437,7,3,3
437,8,3,3
437,9,3,3
437,10,3,3
437,11,3,3
437,12,3,3
437,13,3,3
437,14,3,3
437,15,3,3
437,16,3,3
437,17,3,3
437,18,3,3
437,19,3,3
437,20,3,3
437,21,3,3
437,22,3,3
437,23,3,3
437,24,3,3
437,25,3,3
end,end,end,end
3202,1,2,2
3202,2,2,2
3202,3,2,2
3202,4,2,2
3202,5,2,2
3202,6,2,2
3202,7,2,2
3202,8,2,2
3202,9,2,2
end,end,end,end
615,1,2,3
615,2,3,3
615,3,3,3
615,4,3,3
615,5,3,3
615,6,3,3
615,7,3,3
615,8,3,3
615,9,3,3
615,10,3,3
615,11,3,3
615,12,3,3
615,13,3,3
615,14,3,3
615,15,3,3
615,16,3,3
615,17,3,3
615,18,3,3
615,19,3,3
615,20,3,3
end,end,end,end
244,1,1,1
244,2,1,1
244,3,1,1
244,4,1,1
244,5,1,1
244,6,1,1
244,7,1,1
244,8,1,1
244,9,1,1
244,10,1,1
244,11,1,1
244,12,1,1
244,13,1,1
244,14,1,1
244,15,1,1
end,end,end,end
3875,1,4,4
3875,2,4,4
3875,3,4,4
3875,4,4,4
3875,5,4,4
3875,6,4,4
3875,7,4,4
3875,8,4,4
3875,9,4,4
3875,10,4,4
3875,11,4,4
3875,12,4,4
3875,13,4,4
3875,14,4,4
3875,15,4,4
end,end,end,end
2702,1,3,3
2702,2,3,3
2702,3,3,3
2702,4,3,3
2702,5,3,3
2702,6,3,3
2702,7,3,3
2702,8,3,3
2702,9,3,3
2702,10,3,3
2702,11,3,3
2702,12,3,3
2702,13,3,3
2702,14,3,3
2702,15,3,3
end,end,end,end
1317,1,2,2
1317,2,2,2
1317,3,2,2
1317,4,2,2
1317,5,2,2
1317,6,2,2
1317,7,2,2
1317,8,2,2
1317,9,2,2
1317,10,2,2
1317,11,2,2
1317,12,2,2
1317,13,2,2
1317,14,2,2
1317,15,2,2
1317,16,2,2
end,end,end,end
3454,1,2,2
3454,2,2,2
3454,3,2,2
3454,4,2,2
3454,5,2,2
3454,6,2,2
3454,7,2,2
3454,8,2,2
3454,9,2,2
3454,10,2,2
3454,11,2,2
3454,12,2,2
3454,13,2,2
3454,14,2,2
3454,15,2,2
3454,16,2,2
3454,17,2,2
3454,18,2,2
3454,19,2,2
3454,20,2,2
3454,21,2,2
3454,22,2,2
3454,23,2,2
3454,24,2,2
3454,25,2,2
end,end,end,end
441,1,3,3
441,2,3,3
441,3,3,3
441,4,3,3
441,5,3,3
441,6,3,3
441,7,3,3
441,8,3,3
441,9,3,3
441,10,3,3
441,11,3,3
441,12,3,3
441,13,3,3
441,14,3,3
441,15,3,3
441,16,3,3
441,17,3,3
441,18,3,3
441,19,3,3
441,20,3,3
441,21,3,3
441,22,3,3
441,23,3,3
441,24,3,3
441,25,3,3
end,end,end,end
857,1,3,3
857,2,3,3
857,3,3,3
857,4,3,3
857,5,3,3
857,6,3,3
857,7,3,3
857,8,3,3
857,9,3,3
857,10,3,3
857,11,3,3
857,12,3,3
857,13,3,3
857,14,3,3
857,15,3,3
857,16,3,3
857,17,3,3
end,end,end,end
3122,1,3,6
3122,2,3,6
3122,3,3,6
3122,4,3,6
3122,5,3,6
3122,6,3,6
3122,7,3,6
3122,8,3,6
3122,9,3,6
3122,10,3,6
3122,11,3,6
3122,12,3,6
3122,13,6,6
3122,14,6,6
3122,15,6,6
3122,16,6,6
end,end,end,end
261,1,1,1
261,2,1,1
261,3,1,1
261,4,1,1
261,5,1,1
261,6,1,1
261,7,1,1
261,8,1,1
261,9,1,1
261,10,1,1
261,11,1,1
261,12,1,1
261,13,1,1
261,14,1,1
261,15,1,1
261,16,1,1
261,17,1,1
261,18,1,1
261,19,1,1
261,20,1,1
261,21,1,1
261,22,1,1
261,23,1,1
261,24,1,1
261,25,1,1
end,end,end,end
3898,1,4,4
3898,2,4,4
3898,3,4,4
3898,4,4,4
3898,5,4,4
3898,6,4,4
3898,7,4,4
3898,8,4,4
3898,9,4,4
3898,10,4,4
3898,11,4,4
3898,12,4,4
3898,13,4,4
3898,14,4,4
3898,15,4,4
3898,16,4,4
3898,17,4,4
3898,18,4,4
3898,19,4,4
3898,20,4,4
3898,21,4,4
3898,22,4,4
3898,23,4,4
end,end,end,end
2421,1,2,2
2421,2,2,2
2421,3,2,2
2421,4,2,2
2421,5,2,2
2421,6,2,2
2421,7,2,2
2421,8,2,2
2421,9,2,2
2421,10,2,2
2421,11,2,2
2421,12,2,2
2421,13,2,2
2421,14,2,2
2421,15,2,2
2421,16,2,2
2421,17,2,2
2421,18,2,2
2421,19,2,2
2421,20,2,2
2421,21,2,2
2421,22,2,2
end,end,end,end
3929,1,4,4
3929,2,4,4
3929,3,4,4
3929,4,4,4
3929,5,4,4
3929,6,4,4
3929,7,4,4
3929,8,4,4
3929,9,4,4
3929,10,4,4
3929,11,4,4
3929,12,4,4
3929,13,4,4
3929,14,4,4
3929,15,4,4
3929,16,4,4
3929,17,4,4
3929,18,4,4
3929,19,4,4
3929,20,4,4
3929,21,4,4
3929,22,4,4
3929,23,4,4
3929,24,4,4
3929,25,4,4
end,end,end,end
3020,1,4,4
3020,2,4,4
3020,3,4,4
3020,4,4,4
3020,5,4,4
3020,6,4,4
3020,7,4,4
3020,8,4,4
3020,9,4,4
3020,10,4,4
3020,11,4,4
3020,12,4,4
3020,13,4,4
3020,14,4,4
3020,15,4,4
end,end,end,end
15,1,1,1
15,2,1,1
15,3,1,1
15,4,1,1
15,5,1,1
15,6,1,1
15,7,1,1
15,8,1,1
15,9,1,1
15,10,1,1
15,11,1,1
15,12,1,1
15,13,1,1
15,14,1,1
15,15,1,1
15,16,1,1
15,17,1,1
15,18,1,1
15,19,1,1
15,20,1,1
15,21,1,1
15,22,1,1
15,23,1,1
end,end,end,end
773,1,3,3
773,2,3,3
773,3,3,3
773,4,3,3
773,5,3,3
773,6,3,3
773,7,3,3
773,8,3,3
773,9,3,3
773,10,3,3
773,11,3,3
773,12,3,3
773,13,3,3
773,14,3,3
773,15,3,3
773,16,3,3
773,17,3,3
773,18,3,3
773,19,3,3
773,20,3,3
773,21,3,3
end,end,end,end
346,1,3,3
346,2,3,3
346,3,3,3
346,4,3,3
346,5,3,3
346,6,3,3
346,7,3,3
346,8,3,3
346,9,3,3
346,10,3,3
346,11,3,3
346,12,3,3
346,13,3,3
346,14,3,3
346,15,3,3
346,16,3,3
end,end,end,end
530,1,3,3
530,2,4,3
530,3,4,3
530,4,4,3
530,5,4,3
530,6,4,3
530,7,4,3
530,8,4,3
530,9,4,3
530,10,4,3
530,11,4,3
530,12,4,3
530,13,4,3
530,14,4,3
530,15,4,3
530,16,4,3
530,17,4,3
530,18,4,3
530,19,4,3
530,20,4,3
530,21,2,3
530,22,2,3
end,end,end,end
227,1,1,1
227,2,1,1
227,3,1,1
227,4,1,1
227,5,1,1
227,6,1,1
227,7,1,1
227,8,1,1
227,9,1,1
227,10,1,1
227,11,1,1
227,12,1,1
227,13,1,1
227,14,1,1
227,15,1,1
227,16,1,1
227,17,1,1
227,18,1,1
227,19,1,1
227,20,1,1
227,21,1,1
end,end,end,end
4140,1,4,4
4140,2,4,4
4140,3,4,4
4140,4,2,4
4140,5,2,4
4140,6,2,4
4140,7,4,4
4140,8,4,4
4140,9,4,4
4140,10,4,4
4140,11,4,4
4140,12,4,4
4140,13,4,4
4140,14,4,4
4140,15,4,4
4140,16,4,4
4140,17,4,4
4140,18,4,4
4140,19,4,4
4140,20,4,4
4140,21,4,4
4140,22,4,4
end,end,end,end
598,1,3,3
598,2,3,3
598,3,3,3
598,4,3,3
598,5,3,3
598,6,3,3
598,7,3,3
598,8,3,3
598,9,3,3
598,10,3,3
598,11,3,3
598,12,3,3
598,13,3,3
598,14,3,3
598,15,3,3
598,16,3,3
end,end,end,end
403,1,3,3
403,2,3,3
403,3,3,3
403,4,3,3
403,5,3,3
403,6,3,3
403,7,3,3
403,8,3,3
403,9,3,3
403,10,3,3
403,11,3,3
403,12,3,3
403,13,3,3
403,14,3,3
403,15,3,3
403,16,3,3
403,17,3,3
403,18,3,3
403,19,3,3
403,20,3,3
403,21,3,3
403,22,3,3
403,23,3,3
403,24,3,3
403,25,3,3
end,end,end,end
2537,1,2,2
2537,2,2,2
2537,3,2,2
2537,4,2,2
2537,5,2,2
2537,6,2,2
2537,7,2,2
2537,8,2,2
2537,9,2,2
2537,10,2,2
2537,11,2,2
2537,12,2,2
2537,13,2,2
2537,14,2,2
2537,15,2,2
2537,16,2,2
2537,17,2,2
2537,18,2,2
2537,19,2,2
2537,20,2,2
2537,21,2,2
2537,22,2,2
2537,23,2,2
2537,24,2,2
2537,25,2,2
end,end,end,end
3027,1,3,4
3027,2,3,4
3027,3,3,4
3027,4,3,4
3027,5,3,4
3027,6,3,4
3027,7,3,4
3027,8,3,4
3027,9,3,4
3027,10,3,4
3027,11,3,4
3027,12,3,4
3027,13,3,4
3027,14,4,4
3027,15,4,4
3027,16,4,4
3027,17,4,4
end,end,end,end
2922,1,2,2
2922,2,2,2
2922,3,2,2
2922,4,2,2
2922,5,2,2
2922,6,2,2
2922,7,2,2
2922,8,2,2
2922,9,2,2
2922,10,2,2
2922,11,2,2
2922,12,2,2
2922,13,2,2
2922,14,2,2
2922,15,2,2
end,end,end,end
3946,1,4,4
3946,2,4,4
3946,3,4,4
3946,4,4,4
3946,5,4,4
3946,6,4,4
3946,7,4,4
3946,8,4,4
3946,9,4,4
3946,10,4,4
3946,11,4,4
3946,12,4,4
3946,13,4,4
3946,14,4,4
3946,15,4,4
end,end,end,end
932,1,3,3
932,2,3,3
932,3,3,3
932,4,3,3
932,5,3,3
932,6,3,3
932,7,3,3
932,8,3,3
932,9,3,3
932,10,3,3
932,11,3,3
932,12,3,3
932,13,3,3
932,14,3,3
932,15,3,3
932,16,3,3
end,end,end,end
1542,1,3,3
1542,2,3,3
1542,3,3,3
1542,4,3,3
1542,5,3,3
1542,6,3,3
1542,7,3,3
1542,8,3,3
1542,9,3,3
1542,10,3,3
1542,11,3,3
1542,12,3,3
1542,13,3,3
1542,14,3,3
1542,15,3,3
1542,16,3,3
1542,17,3,3
1542,18,3,3
end,end,end,end
347,1,3,3
347,2,3,3
347,3,3,3
347,4,3,3
347,5,3,3
347,6,3,3
347,7,3,3
347,8,3,3
347,9,3,3
347,10,3,3
347,11,3,3
347,12,3,3
347,13,3,3
347,14,3,3
347,15,3,3
347,16,3,3
347,17,3,3
end,end,end,end
376,1,3,3
376,2,3,3
376,3,3,3
376,4,3,3
376,5,3,3
376,6,3,3
376,7,3,3
376,8,3,3
376,9,3,3
376,10,3,3
376,11,3,3
376,12,3,3
376,13,3,3
376,14,3,3
376,15,3,3
end,end,end,end
3031,1,4,4
3031,2,4,4
3031,3,4,4
3031,4,4,4
3031,5,4,4
3031,6,4,4
3031,7,4,4
3031,8,4,4
3031,9,4,4
3031,10,4,4
3031,11,4,4
3031,12,4,4
3031,13,4,4
3031,14,4,4
3031,15,4,4
end,end,end,end
27,1,1,1
27,2,1,1
27,3,1,1
27,4,1,1
27,5,1,1
27,6,1,1
27,7,1,1
27,8,1,1
27,9,1,1
27,10,1,1
27,11,1,1
27,12,1,1
27,13,1,1
27,14,1,1
27,15,1,1
27,16,1,1
27,17,1,1
27,18,1,1
27,19,1,1
27,20,1,1
27,21,1,1
27,22,1,1
27,23,1,1
end,end,end,end
3159,1,4,5
3159,2,4,5
3159,3,4,5
3159,4,4,5
3159,5,4,5
3159,6,4,5
3159,7,4,5
3159,8,4,5
3159,9,4,5
3159,10,4,5
3159,11,4,5
3159,12,4,5
3159,13,4,5
3159,14,4,5
3159,15,4,5
3159,16,4,5
end,end,end,end
2245,1,3,3
2245,2,3,3
2245,3,3,3
2245,4,3,3
2245,5,3,3
2245,6,3,3
2245,7,3,3
2245,8,3,3
2245,9,3,3
2245,10,3,3
2245,11,3,3
2245,12,3,3
end,end,end,end
100,1,1,1
100,2,1,1
100,3,1,1
100,4,1,1
100,5,1,1
100,6,1,1
100,7,1,1
100,8,1,1
100,9,1,1
100,10,1,1
100,11,1,1
100,12,1,1
100,13,1,1
100,14,1,1
100,15,1,1
100,16,1,1
100,17,1,1
100,18,1,1
100,19,1,1
100,20,1,1
100,21,1,1
100,22,1,1
100,23,1,1
100,24,1,1
100,25,1,1
end,end,end,end
141,1,4,1
141,2,4,1
141,3,4,1
141,4,1,1
141,5,1,1
141,6,1,1
141,7,1,1
141,8,1,1
141,9,1,1
141,10,1,1
141,11,1,1
141,12,1,1
141,13,1,1
141,14,1,1
141,15,1,1
141,16,1,1
141,17,1,1
141,18,1,1
141,19,1,1
141,20,1,1
141,21,1,1
141,22,1,1
end,end,end,end
2818,1,3,3
2818,2,3,3
2818,3,3,3
2818,4,3,3
2818,5,3,3
2818,6,3,3
2818,7,3,3
2818,8,3,3
2818,9,3,3
2818,10,3,3
2818,11,3,3
2818,12,3,3
2818,13,3,3
2818,14,3,3
2818,15,3,3
end,end,end,end
2248,1,2,6
2248,2,2,6
2248,3,2,6
2248,4,2,6
2248,5,2,6
2248,6,2,6
2248,7,2,6
2248,8,2,6
2248,9,2,6
2248,10,2,6
2248,11,2,6
2248,12,2,6
2248,13,2,6
2248,14,2,6
2248,15,2,6
2248,16,5,6
2248,17,5,6
2248,18,5,6
2248,19,5,6
2248,20,5,6
2248,21,5,6
2248,22,5,6
end,end,end,end
628,1,3,3
628,2,3,3
628,3,3,3
628,4,3,3
628,5,3,3
628,6,3,3
628,7,3,3
628,8,3,3
628,9,3,3
628,10,3,3
628,11,3,3
628,12,3,3
628,13,3,3
628,14,3,3
628,15,3,3
628,16,3,3
628,17,3,3
628,18,3,3
628,19,3,3
628,20,3,3
628,21,3,3
628,22,3,3
628,23,3,3
628,24,3,3
628,25,3,3
end,end,end,end
59,1,1,1
59,2,1,1
59,3,1,1
59,4,1,1
59,5,1,1
59,6,1,1
59,7,1,1
59,8,1,1
59,9,1,1
59,10,1,1
59,11,1,1
59,12,1,1
59,13,1,1
59,14,1,1
59,15,1,1
59,16,1,1
59,17,1,1
59,18,1,1
59,19,1,1
59,20,1,1
59,21,1,1
end,end,end,end
1314,1,2,2
1314,2,2,2
1314,3,2,2
1314,4,2,2
1314,5,2,2
1314,6,2,2
1314,7,2,2
1314,8,2,2
1314,9,2,2
1314,10,2,2
1314,11,2,2
1314,12,2,2
1314,13,2,2
1314,14,2,2
1314,15,2,2
1314,16,2,2
1314,17,2,2
1314,18,2,2
1314,19,2,2
1314,20,2,2
1314,21,2,2
1314,22,2,2
1314,23,2,2
1314,24,2,2
end,end,end,end
3800,1,4,4
3800,2,4,4
3800,3,4,4
3800,4,4,4
3800,5,4,4
3800,6,4,4
3800,7,4,4
3800,8,4,4
3800,9,4,4
3800,10,4,4
3800,11,4,4
3800,12,4,4
3800,13,4,4
3800,14,4,4
3800,15,4,4
3800,16,4,4
3800,17,4,4
3800,18,4,4
3800,19,4,4
end,end,end,end
804,1,3,3
804,2,3,3
804,3,3,3
804,4,3,3
804,5,3,3
804,6,3,3
804,7,3,3
804,8,3,3
804,9,3,3
804,10,3,3
804,11,3,3
804,12,3,3
804,13,3,3
804,14,3,3
804,15,3,3
804,16,3,3
804,17,3,3
804,18,3,3
804,19,3,3
804,20,3,3
804,21,3,3
804,22,3,3
804,23,3,3
804,24,3,3
804,25,3,3
end,end,end,end
4160,1,4,4
4160,2,4,4
4160,3,4,4
4160,4,4,4
4160,5,4,4
4160,6,4,4
4160,7,4,4
4160,8,4,4
4160,9,4,4
4160,10,4,4
4160,11,4,4
4160,12,4,4
4160,13,4,4
4160,14,4,4
4160,15,4,4
4160,16,4,4
4160,17,4,4
4160,18,4,4
4160,19,4,4
4160,20,4,4
4160,21,4,4
4160,22,4,4
4160,23,4,4
4160,24,4,4
4160,25,4,4
end,end,end,end
2321,1,2,2
2321,2,2,2
2321,3,2,2
2321,4,2,2
2321,5,2,2
2321,6,2,2
2321,7,2,2
2321,8,2,2
2321,9,2,2
2321,10,2,2
2321,11,2,2
2321,12,2,2
2321,13,2,2
2321,14,2,2
2321,15,2,2
2321,16,2,2
2321,17,2,2
2321,18,2,2
2321,19,2,2
2321,20,2,2
2321,21,2,2
2321,22,2,2
2321,23,2,2
2321,24,2,2
2321,25,2,2
end,end,end,end
3474,1,2,2
3474,2,2,2
3474,3,2,2
3474,4,2,2
3474,5,2,2
3474,6,2,2
3474,7,2,2
3474,8,2,2
3474,9,2,2
3474,10,2,2
3474,11,2,2
3474,12,2,2
3474,13,2,2
3474,14,2,2
3474,15,2,2
3474,16,2,2
3474,17,2,2
3474,18,2,2
3474,19,2,2
3474,20,2,2
3474,21,2,2
3474,22,2,2
3474,23,2,2
3474,24,2,2
3474,25,2,2
end,end,end,end
2911,1,3,6
2911,2,3,6
2911,3,3,6
2911,4,3,6
2911,5,3,6
2911,6,3,6
2911,7,3,6
2911,8,3,6
2911,9,3,6
2911,10,3,6
2911,11,3,6
2911,12,3,6
2911,13,3,6
2911,14,3,6
2911,15,3,6
2911,16,3,6
end,end,end,end
3147,1,3,6
3147,2,3,6
3147,3,3,6
3147,4,3,6
3147,5,3,6
3147,6,3,6
3147,7,3,6
3147,8,3,6
3147,9,3,6
3147,10,3,6
3147,11,3,6
3147,12,6,6
3147,13,6,6
3147,14,6,6
3147,15,6,6
end,end,end,end
2683,1,3,3
2683,2,3,3
2683,3,3,3
2683,4,3,3
2683,5,3,3
2683,6,3,3
2683,7,3,3
2683,8,3,3
2683,9,3,3
2683,10,3,3
2683,11,3,3
2683,12,3,3
2683,13,3,3
2683,14,3,3
2683,15,3,3
2683,16,3,3
2683,17,3,3
2683,18,3,3
2683,19,3,3
2683,20,3,3
end,end,end,end
70,1,1,1
70,2,1,1
70,3,1,1
70,4,1,1
70,5,1,1
70,6,1,1
70,7,1,1
70,8,1,1
70,9,1,1
70,10,1,1
70,11,1,1
70,12,1,1
70,13,1,1
70,14,1,1
70,15,1,1
70,16,1,1
end,end,end,end
3637,1,4,4
3637,2,4,4
3637,3,4,4
3637,4,4,4
3637,5,4,4
3637,6,4,4
3637,7,4,4
3637,8,4,4
3637,9,4,4
3637,10,4,4
3637,11,4,4
3637,12,4,4
3637,13,4,4
3637,14,4,4
3637,15,4,4
3637,16,4,4
3637,17,4,4
3637,18,4,4
3637,19,4,4
3637,20,4,4
3637,21,4,4
3637,22,4,4
3637,23,4,4
end,end,end,end
3984,1,4,4
3984,2,4,4
3984,3,4,4
3984,4,4,4
3984,5,4,4
3984,6,4,4
3984,7,4,4
3984,8,4,4
3984,9,4,4
3984,10,4,4
3984,11,4,4
3984,12,4,4
3984,13,4,4
3984,14,4,4
3984,15,4,4
3984,16,4,4
3984,17,4,4
3984,18,4,4
3984,19,4,4
3984,20,4,4
3984,21,4,4
3984,22,4,4
3984,23,4,4
3984,24,4,4
end,end,end,end
266,1,1,1
266,2,1,1
266,3,1,1
266,4,1,1
266,5,1,1
266,6,1,1
266,7,1,1
266,8,1,1
266,9,1,1
266,10,1,1
266,11,1,1
266,12,1,1
266,13,1,1
266,14,1,1
266,15,1,1
end,end,end,end
264,1,1,1
264,2,1,1
264,3,1,1
264,4,1,1
264,5,1,1
264,6,1,1
264,7,1,1
264,8,1,1
264,9,1,1
264,10,1,1
264,11,1,1
264,12,1,1
264,13,1,1
end,end,end,end
3968,1,2,4
3968,2,2,4
3968,3,2,4
3968,4,2,4
3968,5,4,4
3968,6,4,4
3968,7,4,4
3968,8,4,4
3968,9,4,4
3968,10,4,4
3968,11,4,4
3968,12,4,4
3968,13,4,4
3968,14,4,4
3968,15,4,4
3968,16,4,4
3968,17,4,4
3968,18,4,4
end,end,end,end
591,1,3,3
591,2,3,3
591,3,3,3
591,4,3,3
591,5,3,3
591,6,3,3
591,7,3,3
591,8,3,3
591,9,3,3
591,10,3,3
591,11,3,3
591,12,3,3
591,13,3,3
591,14,3,3
591,15,3,3
591,16,3,3
591,17,3,3
591,18,3,3
591,19,3,3
591,20,3,3
591,21,3,3
591,22,3,3
end,end,end,end
272,1,1,1
272,2,1,1
272,3,1,1
272,4,1,1
272,5,1,1
272,6,1,1
272,7,1,1
272,8,1,1
272,9,1,1
272,10,1,1
272,11,1,1
272,12,1,1
272,13,1,1
272,14,1,1
272,15,1,1
272,16,1,1
272,17,1,1
272,18,1,1
272,19,1,1
272,20,1,1
272,21,1,1
272,22,1,1
272,23,1,1
272,24,1,1
272,25,1,1
272,26,1,1
272,27,1,1
end,end,end,end
3100,1,4,4
3100,2,4,4
3100,3,4,4
3100,4,4,4
3100,5,4,4
3100,6,4,4
3100,7,4,4
3100,8,4,4
3100,9,4,4
3100,10,4,4
3100,11,4,4
3100,12,4,4
3100,13,4,4
3100,14,4,4
3100,15,4,4
3100,16,4,4
3100,17,4,4
3100,18,4,4
3100,19,4,4
3100,20,4,4
3100,21,4,4
3100,22,4,4
3100,23,4,4
3100,24,4,4
end,end,end,end
3337,1,2,2
3337,2,2,2
3337,3,2,2
3337,4,2,2
3337,5,2,2
3337,6,2,2
3337,7,2,2
3337,8,2,2
3337,9,2,2
3337,10,2,2
3337,11,2,2
3337,12,2,2
3337,13,2,2
3337,14,2,2
3337,15,2,2
end,end,end,end
1190,1,2,2
1190,2,2,2
1190,3,2,2
1190,4,2,2
1190,5,2,2
1190,6,2,2
1190,7,2,2
1190,8,2,2
1190,9,2,2
1190,10,2,2
1190,11,2,2
1190,12,2,2
1190,13,2,2
1190,14,2,2
1190,15,2,2
end,end,end,end
3458,1,2,2
3458,2,2,2
3458,3,2,2
3458,4,2,2
3458,5,2,2
3458,6,2,2
3458,7,2,2
3458,8,2,2
3458,9,2,2
3458,10,2,2
3458,11,2,2
3458,12,2,2
3458,13,2,2
3458,14,2,2
3458,15,2,2
3458,16,2,2
3458,17,2,2
3458,18,2,2
3458,19,2,2
3458,20,2,2
3458,21,2,2
3458,22,2,2
3458,23,2,2
3458,24,2,2
3458,25,2,2
end,end,end,end
3608,1,5,5
3608,2,5,5
3608,3,5,5
3608,4,5,5
3608,5,5,5
3608,6,5,5
3608,7,5,5
3608,8,5,5
3608,9,5,5
3608,10,5,5
3608,11,5,5
3608,12,5,5
3608,13,5,5
3608,14,5,5
3608,15,5,5
3608,16,5,5
end,end,end,end
2961,1,4,4
2961,2,4,4
2961,3,4,4
2961,4,4,4
2961,5,4,4
2961,6,4,4
2961,7,4,4
2961,8,4,4
2961,9,4,4
2961,10,4,4
2961,11,4,4
2961,12,4,4
2961,13,4,4
2961,14,4,4
2961,15,4,4
2961,16,4,4
end,end,end,end
2235,1,2,2
2235,2,2,2
2235,3,2,2
2235,4,2,2
2235,5,2,2
2235,6,2,2
2235,7,2,2
2235,8,2,2
2235,9,2,2
2235,10,2,2
2235,11,2,2
2235,12,2,2
2235,13,2,2
2235,14,2,2
2235,15,2,2
2235,16,2,2
2235,17,2,2
2235,18,2,2
2235,19,2,2
2235,20,2,2
2235,21,2,2
2235,22,2,2
2235,23,2,2
2235,24,2,2
2235,25,2,2
end,end,end,end
3610,1,5,5
3610,2,5,5
3610,3,5,5
3610,4,5,5
3610,5,5,5
3610,6,5,5
3610,7,5,5
3610,8,5,5
3610,9,5,5
3610,10,5,5
3610,11,5,5
3610,12,5,5
3610,13,5,5
3610,14,5,5
3610,15,5,5
3610,16,5,5
3610,17,5,5
end,end,end,end
1510,1,3,1
1510,2,1,1
1510,3,1,1
1510,4,1,1
1510,5,1,1
1510,6,1,1
1510,7,1,1
1510,8,1,1
1510,9,1,1
1510,10,1,1
1510,11,1,1
1510,12,1,1
1510,13,1,1
1510,14,1,1
1510,15,1,1
1510,16,1,1
1510,17,1,1
1510,18,1,1
1510,19,1,1
1510,20,1,1
1510,21,1,1
end,end,end,end
